"1+2","129","5","2","1","45","Furnizimi dhe montimi I disa ashensoreve ne QKMF te Prishtines  ","15.05.15","70000","54880","","Ejona ","","","",""
"1+2","159","5","2","1","45","Renov. ne objektin e bibliotekes H. Sylejmani dhe objektin e arkivit komunal ","02.02.15","30000","19198.5","","Flori"," ","","",""
"1+2","164","5","2","1","45","Ndertimi I rruges paralele me rrugen B","23.02.15","300000","282155.85","","I.Seferi&El Group"," ","","",""
"1+2","173","5","2","1","45","Ndertimi I rruges te parku ne lagjen Arberia","04.03.15","270000","241791.04","","Jehona"," ","","",""
"1+2","174","2","3","6","74","Projekti kryesor per dizajnimin e mobilerise urbane ","03.02.15","2500","1985","","Goni Ing "," ","","",""
"1+2","178","1","2","1","2","Furn. me drunje dekorativ per rreg. dhe kultivimin e siperfaqeve gjelbruese ","02.02.15","80000","64750","","Las Pallmas "," ","","",""
"1","183","1","2","1","28","Furnizimi me pajisje sportive per klube, shkolla dhe I. Parashkollore - p.e II ","04.03.15","20000","14457.68","","Oni Design"," ","","",""
"1","183","1","2","1","28","Furnizimi me pajisje sportive per klube, shkolla dhe I. Parashkollore - pj.e III","04.03.15","30000","28349","","Sporting "," ","","",""
"1","187","2","3","6","74","Hart.dhe zbatimi I nje strategjie te informimit publik per proces te legalizimit ","02.02.15","10000","8150","","PI Comuncations "," ","","",""
"1","191","2","3","6","93","Shtypja e fletushkave, reklamave dhe bilbordave per proces te legalizimit ","19.01.15","6000","4895","","VM3"," ","","",""
"1+2","194","5","2","1","45","Rreg.I rrethojave dhe pastrimi fitosanitar I varrezave ne disa fsh. te Prishtines ","23.02.15","90000","79882.2","","Ndertimtari "," ","","",""
"1+2","196","1","2","1","31","Furnizimi dhe montimi I tri pikave te sistemit te alarmit ne qytet","26.01.15","38000","26315","","MF Systems "," ","","",""
"1+2","198","5","3","6","45","Rregullimi I varrezave ne kolevice dhe pastrimi fitosanitar ","26.01.15","10000","7997","","Brezi Kufitar "," ","","",""
"1","199","1","2","1","20","Furn.me invertar dhe mjete tjera per qerdhen Botanika ne Matin 1 - pj. e I-re","13.02.15","24000","16820","","Galanetria "," ","","",""
"1+2","200","5","2","1","45","Rikonstruimet e objekteve te çerdheve ne Besi dhe Hajveli ","03.02.15","60000","49002.81","","Flori"," ","","",""
"1+2","203","2","3","6","93","Riparimi I gjeneratoreve ne objektin e komunes se Prishtines ","09.02.15","10000","6179.57","","Fidea "," ","","",""
"1+2","204","1","2","1","31","Furnizimi me digital sondera dhe plotera","02.03.15","78000","62292","","Ilir Kosova "," ","","",""
"1","208","1","3","6","31","Furn. me kabinen digjitale per sherb. te qytet. ne objektin e vjeter komunal ","12.01.15","10000","9738.64","","DLD Group "," ","","",""
"1","209","1","3","6","28","Furnizimi me tepisona","27.01.15","10000","10000","","Gjini "," ","","",""
"1+2","210","5","2","1","45","Ndertimi I trafo blindes per objektin social ne Hajvali ","15.05.15","54000","44850.5","","Risa mont&Tali"," ","","",""
"1+2","211","1","2","1","31","Furnizimi me pajisje te TI aparate fotokopjuese dhe printera","23.02.15","35000","25796.78","","Rikon"," ","","",""
"1","1","2","3","6","74","Krijimi I regjistrit te ndertimeve pa leje për proces të legalizimit ","04.03.15","10000","6600","","Asixon"," ","","",""
"1","2","2","3","6","93","Servisimi dhe rregullimi I dyerve automatike të garazhes ne Objektin e B. Z","14.05.15","10000","3712","","Behari"," ","","",""
"1","3","1","3","6","36","Furnizimi me pajisje për sistemin e ngrohjes në Institucione Parashkollore","11.07.15","10000","9409.7","","Install Enginiering "," ","","",""
"1","4","2","2","1","74","Hartimi i matjeve gjeodezike per planin rregullues Mati 1-faza e parë ","29.04.15","66000.00","15776","","News"," ","","",""
"1","5","2","2","1","74","Krijimi i kadastrit te perqojave nentokësore","26.08.15","100000","72000","","GeoMap&News"," ","","",""
"1","6","2","3","6","72","Servisimi dhe montimi I pajisjeve për ngrohje ne objektin e ri komunal ","29.04.15","6000","5840","","Termo Engin "," ","","",""
"1+2","7","5","2","1","45","Sanimi i gropave me  asfalt në rrugët dhe trotoaret e Komunës 2015","26.05.15","498145","324680","","Shkoza F07"," ","","",""
"1+2","8","1","2","1","36","Furnizimi me uniforma per Brigaden e zjarrfiksave ","29.04.15","80000","69966","","Sodex group"," ","","",""
"1+2","9","5","3","6","45","Rekonstruimi I nyjeve sanitare ne gjimazin""Sami Frasheri""","25.02.15","10000","8990","","Ulpiana"," ","","",""
"1","11","1","2","1","28","Furnizimi dhe montimi I xhamave ne shkollat dhe I.Parshkollore ","14.04.15","70000","68895","","Termoplast"," ","","",""
"1","12","2","3","6","93","Pastrimi i objektit të ri komunal,Qendrave për punë sociale,Arkivit,Agjensionit pyjor dhe Bibliotekës","16.02.15","9500","3300","","MSS"," ","","",""
"1","13","2","3","6","50","Mirmbajtja  e ngrohjes gjeotermale në Shkollen e Gjelbert - ritender ","18.03.15","3000.00","4875.5","","Raketa"," ","","",""
"1","14","2","2","5","65","Mirëmbajtja dimërore emergjente e rrugëve dhe trotuareve të qytetit","09.02.15","77081.99","77081.99","","Toifor,Zahiri,VZ dardania"," ","","",""
"1","15","5","3","6","45","Mbulimi i xhamisë së qarshisë ","04.03.15","2945","2976","","Brezi Kufitar "," ","","",""
"1","16","1","3","6","15","Furnizimi me artikuj ushqimor për nevoja të Komunës dhe Inst. Komunale","23.03.15","10000","6771.4","","Beni Dona"," ","","",""
"1","17","1","2","1","22","Furn. me inventar dhe mjete tjera Didaktike në Çerdhen ""Botanika""ne Mat","28.04.15","17000","3964.9","","Abetare lotoII"," ","","",""
"1","18","1","3","6","31","Furnizimi me pajisje te TI per nevojat e Drejtorisë së Urbanizmit","05.05.15","10000","5140","","Botek"," ","","",""
"1","19","2","2","1","93","Mirëmbajtja i Objektit te ri Komunal dhe disa Institucioneve tjera Komunale","13.07.15","100000","33185.16","","MSS"," ","","",""
"1","20","1","2","1","29","Furnizimi me rekuizita sportive per sallat e edukates fizike ","14.07.15","150000","146406","","Sporting "," ","","",""
"1+2","22","2","1","1","93","Mirëmbajtja verore e rrugëve dhe trotoareve të qytetit 2013 - pjesa e pare","14.05.15","700000","186844.08","","Zahiri"," ","","",""
"1+2","22","2","1","1","93","Mirëmbajtja verore e rrugëve dhe trotoareve të qytetit 2013 - pjesa e dyte","14.05.05","700000","132001.04","","VZ COMpany"," ","","",""
"1","22","2","1","1","93","Mirëmbajtja verore e rrugëve dhe trotoareve të qytetit 2013 - pjesa e rete","14.05.15","700000","149822.55","","Toifor"," ","","",""
"1","22","2","1","1","93","Mirëmbajtja verore e rrugëve dhe trotoareve të qytetit 2013 - pjesa e katerte","14.05.15","700000","147512.2","","Pastrimi"," ","","",""
"1+2","23","5","2","1","45","Rregullimi I kanal. ne Gjimn. S.F. dhe rregullimi I elektrikes dhe disa renovime tjera ne kabinetet e SH.GJ.","17.04.15","40000","29995","","Dekor"," ","","",""
"1+2","24","2","2","1","77","Vaksionimi I gjedheve dhe qenve endacak - Projekti I veterines mobile","29.04.15","37000","35300","","Spana"," ","","",""
"1+2","25","5","1","1","45","Ndërtimi i bulevardit mbi ""Kurriz""në lagjen ""Dardania""","12.06.15","1533110.7","977725.51","","Rexha "," ","","",""
"1+2","26","5","2","1","45","Ndertimi I kanalizimit Fekal ne rrugen Mbreteresha Teute","12.05.15","60352","54889.3","","veha group"," ","","",""
"1+2","27","5","2","1","45","Rregullimi I platose prane PTK-se ne lagjen Dardania","12.05.15","376798.62","167151.8","","Kapital Alping"," ","","",""
"1+2","28","5","2","1","45","Rreg.I platos pran Çerdhes së fëmijëve ""Lulevera""në lagjen Dardania ","20.05.15","210253.48","97603","","Kapital&arianco"," ","","",""
"1+2","29","5","2","1","45","Ndertimi I Rruges Mithat Frasheri","15.07.15","74849.58","80286.6","","Ndertimi&Albakos"," ","","",""
"1+2","30","5","2","1","45","Ndertimi I rruges Xheladin Kurbaliu-Prishtine","09.06.15","99818.29","74939.9","","Euro  Famis"," ","","",""
"1+2","31","5","2","1","45","Ndertimi I rruges Slivove - Kukaj","10.11.15","499532.37","370013.15","","Jehona shpk"," ","","",""
"1+2","32","5","2","1","45","Adaptimi dhe renovimi I shkolles politike ","18.05.15","170000","150068.74","","Dekor"," ","","",""
"1+2","33","5","2","1","45","Ndertimi I rrugës Basri Canolli","01.06.15","102329.11","54854.45","","ATC"," ","","",""
"1+2","34","5","1","1","45","Ndertimi I rruges Llukar Siqeve","12.05.15","709109.82","341520","","Drini Company"," ","","",""
"1+2","36","5","2","1","45","Zgjerimi I ndriqimit Publike ne fshatrat dhe qytetet ne Prishtine per vitin 2015","29.06.15","200000","190487.95","","Monting"," ","","",""
"1","37","2","2","1","34","Adaptimi I kamioneve per grumbullimin e mbeturinave ","08.06.15","70000","32400","","Niti&caja"," ","","",""
"1+2","38","5","2","1","45","Ndertimi  I infrastruktures ne disa rruge te lagjes Kalabria-Prishtine","14.05.15","246451.63","144995.2","","KeCompany & Eskavatori"," ","","",""
"1+2","39","5","2","1","45","Miremb. dhe rregullimi e fontanave ,krojeve e monomenteve per vitin 2015","05.05.15","40000","21079.7","","Niti&Royal cert"," ","","",""
"1+2","40","5","2","1","45","Pastrimi I shtarit te lumenjeve dhe kanal. atmosferik nga puseta ne Puset","12.05.15","100000","60821.6","","toifor"," ","","",""
"1+2","41","5","2","1","45","Miremb. e ndriçimit publik ne rruget e prishtines per vitin 2015 - pjesa e I-re","20.05.15","150000","34843.5","","Termomontimi "," ","","",""
"1+2","41","5","2","1","45","Miremb.e ndriçimit publik ne rruget e prishtines per vitin 2015 - pjesa e II-te","20.05.15","150000","39057","","Ndriçimi&monte"," ","","",""
"1+2","41","5","2","1","45","Miremb. e ndriçimit publik ne rruget e prishtines per vitin 2015  pjesa e III-te","20.05.15","150000","30873","","Niti&monting"," ","","",""
"1+2","42","5","2","1","45","Miremb.e puseve dhe paisjeve dhe shpimi I puseve dhe montimi I  Loto II","09.06.15","120000","108000","","Niti N & Caja"," ","","",""
"1+2","42","5","2","1","45","Mirembajta e opuseve Loto I RITENDER","10.08.15","0","12000","","Niti - N"," ","","",""
"1+2","43","1","2","1","36","Furn. me inventar dhe mjete tjera didaktike në Çerdhen ""Ngjyra""në Hajvali","02.06.15","17000","6543.5","","Mali"," ","","",""
"1+2","44","5","2","1","45","Rikonstruimi I nyjeve Sanitare ne disa shkolla te Prishtines","19.05.15","150000","96865","","Ulpiana"," ","","",""
"1","46","2","3","6","93","Audit.fin.I pr.drejt Menaxhimit te qendreushme te Parku Germia finan.nga BE","21.04.15","2000","1190","","Audit Chek"," ","","",""
"1","47","2","2","1","65","Mirëmbajtja e semaf.invertorëve dhe paimeve akustike për të verbërit në Prishtinë ","23.06.15","60000","59795","","Eko Invest"," ","","",""
"1","48","1","3","6","28","Furnizimi me tepisona per shkollat ""Meto Bajraktari"" dhe ""Sami Frasheri""","17.04.15","7600","7554.4","","Gjini "," ","","",""
"1","49","2","3","6","29","Rreg. aftesimi I tri pikave te sist. te alar. publik egzistues me softwerin e ri ","05.05.15","10000","9655","","MF Systems "," ","","",""
"1+2","50","5","2","1","45","Ndertimi I rruges Esat Mekuli","25.05.15","162734.92","86866.1","","Veha&Clirimi"," ","","",""
"1+2","51","5","2","1","45","Ndertimi I rruges  prej rruges  se Mramorit  deri te pylli I ariut","20.05.15","470703.45","338301.19","","Bejta Comerce& Bass com"," ","","",""
"1","52","1","3","6","15","Furnizimi me ushqim dhe pije për fëmijët parashkollor","17.04.15","10000","6947.5","","Beni Dona"," ","","",""
"1+2","53","5","2","1","45","Ndertimi I rruges Gallapi - Prishtinë","09.06.15","184722.34","167222.9","","Beni Com"," ","","",""
"1+2","54","2","1","1","85","Dezinsektimi hapësinor i Prishtinës 2015-2017","24.06.15","220000","600300","","Doctor Exterminator"," ","","",""
"1","56","1","1","1","34","Furnizimi   me eskavator , me makine  multifunksionale  dhe paisje shtese","07.10.15","270000","226470","","Agri Bau Lot1 dhe2"," ","","",""
"1","57","2","2","1","60","Transporti i nxensëve dhe arsimatrëve në viset rurale-vijat ekzistuese - I ","01.06.15","70000","6660","","Hani Trans"," ","","",""
"1","57","2","2","1","60","Transporti i nxensëve dhe arsimatrëve në viset rurale-vijat ekzistuese  - II","01.06.15","70000","8820","","Musli Ahmeti"," ","","",""
"1","57","2","2","1","60","Transporti i nxensëve dhe arsimatrëve në viset rurale-vijat ekzistuese - III","01.06.15","70000","16740","","Sherif vitija "," ","","",""
"1","57","2","2","1","60","Transporti i nxensëve dhe arsimatrëve në viset rurale-vijat ekzistuese - IV ","30.07.15","70000","21060","","Simolli Tours"," ","","",""
"1","57","2","2","1","60","Transporti i nxensëve dhe arsimatrëve në viset rurale-vijat ekzistuese -  V ","30.07.15","70000","4392","","Tepmo Trans"," ","","",""
"","57","2","2","1","60","Transporti i nxensëve dhe arsimatrëve në viset rurale-vijat ekzistuese-  VI","01.06.15","70000","6300","","Besim Brahimi"," ","","",""
"1","58","1","2","1","36","Furn.me uniforma per punetoret e Kom. Te inspeksionit dhe ofiqarise","15.07.15","50000","43188","","Puntex"," ","","",""
"1","59","5","3","6","45","Drenazhimi dhe hidroizolimi I objektit te stomatologjise","08.05.15","3000","2506.2","","Delta Ing"," ","","",""
"1+2","61","5","1","1","45","Ndërtimi i shkollës fillore në lagjen ""Mati 1""","23.07.15","1400000","1458452.95","","Albakos&korben"," ","","",""
"1+2","62","1","1","1","33","Furni me material shpen.per nevojat e laboratorit dhe rentgenit te QKMF-se - LOTO III-te","04.08.15","240000","75646","","Atom Med "," ","","",""
"1","62","1","1","1","33","Furni me material shpen.per nevojat e laboratorit dhe rentgenit te QKMF-se - loto VI-te","04.08.15","0","27276",""," Agani"," ","","",""
"1+2","63","5","2","1","45","sanimi  i  kanal. fekale primare dhe sekondare, sanimi dhe  zgjerimi  i disa  rrugëve sekond ","09.06.15","479787.6","299716","","ka kontrate"," ","","",""
"1+2","64","1","2","5","15","Furnizmi emergjent i Kuzhinës Qendrore të Institucioneve Parashkollore","27.04.15","45000","40375","","Bajraktari "," ","","",""
"1+2","66","5","2","1","45","Ndertimi I rruges  ne fashtin Koliq -- lagjia Peraj","12.06.15","374136.42","196936.25","","Eskavatori"," ","","",""
"1+2","67","5","2","1","45","Punimi,furnizimi dhe montimi i shtyllave antipark - pjesa e I-re","15.10.15","200000","59600","","armakos"," ","","",""
"1","67","5","2","1","45","Punimi,furnizimi dhe montimi i shtyllave antipark - pjesa e II- të","11.12.15","","119520","","ekonivest"," ","","",""
"1","68","1","2","1","50","Furnizimi dhe montimi i rezervoareve në shkolla dhe I.parashkollore","19.06.15","50000","48630","","Infraplus"," ","","",""
"1+2","69","5","2","1","45","Ndertimi  rruges  Bernice e poshtme - M2","15.06.15","495134.52","296067.72","","Bageri"," ","","",""
"1+2","70","5","2","1","45","Ndërtimi I rrugës në fshatin Koliq-lagja Bushovit ","19.06.15","317149.45","157806.28","","Papenburg"," ","","",""
"1+2","71","5","2","1","45","Ndert I rruges ne fshatin Koliq-Sheqiraj dhe nderti. I rruge.ne fsh.Grashtic ","17.06.15","397768.4","248022.44","","Drini Comp"," ","","",""
"1","72","5","2","1","93","Mirembajtja e ngrohjes qendrore ne shkolla dhe Institucione tjera komunale ","07.10.15","150000","148761.5","","ka kontrate"," ","","",""
"1+2","73","5","1","1","45","Ndertimi I rruges Mtiqan-Butovc-Kolovice","06.07.15","816954.31","486367.86","","Sopi&Teknika"," ","","",""
"1+2","74","5","2","1","45","Ndertimi I rruges Sharban -Koliq","08.07.15","422793.46","156469.3","","Sopi&Teknika"," ","","",""
"1","75","1","2","1","50","Furnizimi mr qumesht per puntoret e Komunes se Prishtines","15.06.15","92600","22568.62","","Devolli"," ","","",""
"1","76","1","2","1","36","Furnizimi me inventar per administraten komunale dhe Bashkesite Lokale ","27.07.15","80000","59600","","Touwn &Palma"," ","","",""
"1+2","77","5","2","1","45","Ndërtimi I kanalizimit fekal në fshatrat Llumnicë,Barilevë","16.06.15","81632.39","36478.80","","Muratori"," ","","",""
"1+2","78","5","2","1","45","Ndertimi I rruges Barileve-Breznice","23.06.15","477176.9","290303.6","","Sopi&Teknika"," ","","",""
"1+2","79","5","2","1","45","Rikonstuimi dhe gelqerosjae Shkollave ","13.07.15","120000","122819.25","","Tribune"," ","","",""
"1+2","80","5","2","1","36","Zgjerimi I zerimit dhe votimit digjital  ne sallen e Kuvendit te Komunes ","17.06.15","23000","22394","","Duka Alfa.A"," ","","",""
"1+2","81","5","2","1","45","Sinjalizimi horizontal dhe vertikal ne rruget e Prishtines - pjesa e III- te ","03.12.15","0","26885","","Malsia"," ","","",""
"1+2","82","5","2","1","45","Ndertimi I rrugeve lokale ne fshatin Hajkobille - Prishtine","30.06.15","458562.85","234226","","Veha.G^Cliri "," ","","",""
"1+2","83","5","2","1","45","Ndertimi I  rruges prane  lumit Iber-Lepenc ""Bernice e poshtme""","01.07.15","433124.98","235032.1","","Eskavatori"," ","","",""
"1+2","84","2","2","1","74","Projekti ""Inçjzimi gjeodeozik I hapsirave të përbashkta banesore","02.07.15","50000","50000","","News&Geoarch"," ","","",""
"1+2","85","5","2","1","45","Ndertimi I rrugeve lokale ne lagjen Sylaj Busi","14.07.15","122482.23","56911.45","","Veha.G&Cliri "," ","","",""
"1","87","2","3","6","77","Organizimi me donacione  i udhëtimeve te arsimtareve ","26.05.15","6000","5600","","Sharr travell"," ","","",""
"1+2","88","5","2","1","45","mirembajtje  dhe riparimi I rrugeve rurale ","06.07.15","120000","99650","","Dardania"," ","","",""
"1+2","89","1","2","1","21","Furnizimi me libra per bibliotekat shkollore ","27.08.15","100000","52780","","Berati "," ","","",""
"1+2","90","5","2","1","45","Ndertimi I rruges koliq keqekolle ","22.07.15","469937.21","254166.25","","Ledi Ing"," ","","",""
"1+2","91","1","2","1","31","Digjitalizimi I sherbimeve  furnizim me aparature e sistemit te integruar te menagjimit  te radhes","29.06.15","30000","28140","","Tech Vision"," ","","",""
"1+2","92","5","2","1","45","Ndertimi I rruges Hasan Remniku","06.07.15","313428.12","186929.08","","Gashi ing"," ","","",""
"1+2","93","2","3","6","80","Organizimi I trajnimit per mesimdhes dhe nxenes ne kuader te projektit per gjithperfshirje nga keshilli I evropes","02.06.15","3500","1240","","gcda"," ","","",""
"1+2","94","5","2","1","45","Ndërtimi I murit mbrojtës në Rimanisht -me gjatësi L=10m","13.07.15","127044.49","58264.92","","Delta Ing"," ","","",""
"1+2","95","5","2","1","45","Rikonstruimi dhe mirmbajtja  e kulmeve te shkollave ","23.07.15","100000","85125","","Euro .Constru"," ","","",""
"1","96","1","1","1","20","Furnizimi I shkollave me pajisje kabinetike ","14.07.15","120000","102295.06","","Euro lab"," ","","",""
"1","98","2","2","1","93","Mirmbajtja e Elektrikës në Shkolla","28.10.15","100000","24547.5","","MVR"," ","","",""
"1","99","2","3","6","92","Organizimi I dites nderkombetare te femijeve 1 qershori-pjesa teknike","29.05.15","10000","9000","","sonus"," ","","",""
"1","100","2","3","6","92","Organizimi I dites nderkombetare te femijeve 1 qershori-pjesa artistike","29.05.15","10000","9850","","AMC"," ","","",""
"1+2","101","5","2","1","45","Ndertimi I  infrastruktures ne fshatin  Shashkovc-Prishtine","01.07.15","488620.68","299695.53","","Beni Com"," ","","",""
"1","103","1","2","1","36","Furnizimi me inventar për nevojat e QKMF-se e QMF-ve","14.07.15","60000","73116.5","","Duglas "," ","","",""
"1+2","104","5","2","1","45","Ndertimi I kanalizimeve ne fshatin Vranidoll dhe Prugovc","15.07.15","361683.44","142999.99","","Kushtrimi NM"," ","","",""
"1+2","105","5","2","1","45","Ndërtimi I infrastrukturës në rrugën ""Mirko Gashi""dhe Gazë Pergjeni"" ","22.07.15","104401.18","62088.13","","Co ing"," ","","",""
"1+2","106","5","2","1","45","Ndertimi I parkingjeve ne trotuare te bulevardit Deshmoret e Kombit","06.07.15","22997.7","19108.8","","ko Ing"," ","","",""
"1+2","107","1","3","6","36","Brandimi I zyres ku do te vendoset kabina digjtale dhe paisjet tjera","22.06.15","9800","1960","","Depart Studio"," ","","",""
"1","109","2","3","6","92","Manifestimi I 11 qeshorit TEKINIKE","10.06.15","10000","9520","","AMC"," ","","",""
"1","110","1","3","6","29","Furnizimi me paisje laserike me GPS për matjen e sipërfaqeve të pronës","14.08.15","9000","7500","","IT Market"," ","","",""
"1","111","2","3","6","92","Manifestimi I 11 qeshorit PJESA ARTISTIKE","11.06.15","10000","9470.75","","CEO"," ","","",""
"1+2","112","5","2","1","45","Ndertimi I rruges Keqekolle -Nishec","22.07.15","479000","342717.17","","Eskavatori"," ","","",""
"1+2","113","5","2","1","45","Ndertimi I rruges Rimanisht Vranidoll","22.07.15","497635.59","318073.97","","Bageri"," ","","",""
"1+2","114","5","2","1","45","Rikonstruimi I rrugës ""Gabriali&Perandori Justinjan""-Prishtinë","11.08.15","248113","238559.3","","Eing Com"," ","","",""
"1+2","115","1","2","1","50","Furnizimi me gypa te ujesjellsit për rrugën Stambolli""","22.07.15","29977","9732.04","","Joos Krasniqi Baze &Tellos"," ","","",""
"1","116","1","2","1","33","Furnizimi me paisje stomatologjike","10.11.15","55000","53903","","koslabor"," ","","",""
"1+2","117","5","2","1","45","Ndërtimi I rrugës në fshatin Grashticë,lagja Cervadik,megjatësi L=3219,5m","10.08.15","361322.33","284033.3","","Papenburg"," ","","",""
"1+2","118","5","2","1","45","Ndertimi I Infrastruktures  ne lagjen  e Ramabajve - Hajvali","07.08.15","59484.8","36003","","Gerlica Comp"," ","","",""
"1","119","2","3","6","75","Sistemi i matjeve te kualitetit te ndotjes se ajrit ","02.09.15","9600","9724","","MF Systems"," ","","",""
"1+2","120","5","2","1","45","Ndertimi I salles se edukates fizike ne SHFMU 7 marsi","21.08.15","300000","248787.62","","Arta Proj&Engi"," ","","",""
"1+2","121","5","2","1","45","Rikonstruimi i rrugës ""Luan Haradinaj"" Prishtinë","06.08.15","493168.6","399081.5","","Jehona"," ","","",""
"1","122","2","3","6","60","Transporti I administratoreve dhe monitoruesve per Maturen shtetërore","20.06.15","5000","4060","","Sharr travell"," ","","",""
"1+2","123","5","2","1","45","Ndertimi I objektit parashkollor ne Kodren e Trimave ","16.09.15","430000","498468.27","","Euro Ing"," ","","",""
"1+2","124","5","2","1","45","Ndertimi I rrugeve  lokale dhe kanalizimet  fekale  per lagjen Arberia","27.08.15","490299.52","293945.50","","Eskavatori&Kema"," ","","",""
"1+2","125","5","2","1","45","Ndërtimi I rrugëve në fshatin Dabishevc,lagja Hasimi dhe Babiq","11.08.15","165214","117836.62","","Beni Com"," ","","",""
"1+2","127","5","2","1","45","Ndërtimi i rrugëve lokale dhe kanalizimve fekale për lagjen Prroi i Njelmët""","27.08.15","498450.38","300000.3","","Gerlica Comp"," ","","",""
"1+2","128","5","2","1","45","Rikonstruimi dhe gelqerosja e shkollave ne Komunen e Prishtines ","04.08.15","100000","79335","","Ulpiana"," ","","",""
"1","129","2","2","1","50","Mirëmb. e sistemit radio lidhjeve, kamerave, sistemit te hyrje daljeve ne Ko","07.10.15","20000","18800","","Profes. Alarm"," ","","",""
"1+2","130","5","2","1","45","Ndërt. i rrugës që lidhet me rrugen I.Kastrati ne lagjen Mati 1  - K3-2","02.09.15","436000","284573.3","","Beni Com"," ","","",""
"1","132","2","3","6","93","Pastrimi dhe mirembajtja e tepihave te IP","10.07.15","6500","1415.05","","H2O SISTEM"," ","","",""
"1+2","133","5","2","1","45","Ndërtimi i rrugës ""Lebanë- Prugovc"" -L=920.0m","16.09.15","104364.84","97248.86","","Papenburg"," ","","",""
"1+2","134","5","2","1","45","Ndertimi I rruges ne lagjen OBZOVIK ne fshtin Llukar","31.08.15","112878.51","88406.87","","Gashi ing"," ","","",""
"1+2","135","5","1","1","45","Ndertimi I objektit te shkolles fillore ne Kalabri","30.10.15","2000000","1155388.09","","P&I & Enginiering"," ","","",""
"1+2","136","5","2","1","45","Ndert. I rrugeve lokale dhe kanalizimeve fekale ne Arberi dhe  Qemal Stafa","16.09.15","382445.16","233278.1","","kema company"," ","","",""
"1","137","2","3","6","72","Servisimi dhe mirembajtja e ngrohjes ne shkolla dhe objektin e ri komunal","13.08.15","6500","6120","","Raketa"," ","","",""
"1","138","1","3","6","50","Furnizmi dhe montimi i gypave te ujësjellësit  ne rrugen Xheladin Kurbaliu","23.07.15","4500","4000","","Euro Famis"," ","","",""
"1+2","139","5","2","1","50","Ndertimi I kanalizimit fekal ne lagjen Kolovice ","02.09.15","176643.52","71923","","Noti ^Ilea"," ","","",""
"1+2","140","5","2","1","45","Pastrimi i mbejteve nderitmore ","22.10.15","100000.00","104000","","dardania"," ","","",""
"1+2","141","5","2","1","45","Riparimi dhe mirembajtja e Ashensorev","","150000","120584.43","","Rima enginiering"," ","","",""
"1+2","142","1","2","1","10","Furnizim me lende djegese per ngrohje","11.08.15","80000","88740","","Bushgegu"," ","","",""
"1+2","143","5","2","1","45","Ndërtimi I urave betonarme në fshatra","08.09.15","183093.3","157414.25","","Beni Com"," ","","",""
"1+2","144","1","2","1","29","Furnizim me tonera ","01.09.15","42000","17982.5","","Office Printy"," ","","",""
"1","145","1","2","1","28","Furnzimi me invertar  dhe mjete tjera didaktike per çerdhen Besi","16.11.15","17000","16200.00€","","Mali-i”"," ","","",""
"1","146","1","2","1","33","Furnizimi me aparat rentgeni per nevojat e QKMF së","01.10.15","100000","63850","","Ledi Med"," ","","",""
"1+2","147","5","2","1","45","Ndertimi I  infrastruktures  ne rrugen Cagllavice-Iber Lepenc-Prishtine","25.09.15","238597.02","144128.6","","Linda"," ","","",""
"1+2","148","5","2","1","45","Ndërtimi I rrugës Perandori Justinjan-përball Katedrales-Prishtinë","01.09.15","284603.25","211870.4","","Eing Com"," ","","",""
"1+2","149","5","1","5","45","Mirëmbajtja e gjelbërimit, mbikqyrja e hyrjes te Parku Germia dhe tregu i automjetev","17.07.15","700000","700000","","Hortikultura"," ","","",""
"1+2","150","2","3","6","72","Mirëmbajtja  afatshkurtër e paisjeve të IT-së ","14.07.15","10000","10000","","Rikoni "," ","","",""
"1","151","1","2","1","33","Furnizimi me pjisje mjekësore për nevojat e QKMF-së dhe QMF - pjesa e I-rë","19.10.15","90000","37641","","koslabor"," ","","",""
"1","151","1","2","1","33","Furnizimi me pjisje mjekësore për nevojat e QKMF-së dhe QMF - pjesa e II-të","20.10.15","45000","29874","","agani"," ","","",""
"1","152","1","2","1","36","Furnizimi me mbështjellës- këllaf për batanije dhe qarqafa për dyshek për iIP","31.08.15","20000.00","18721.8","","Endi"," ","","",""
"1+2","153","5","2","1","45","Ndertimi I infrastruktures ne  lagjen  Veternik","31.08.15","410397.73","241008.61","","Gerlica Comp"," ","","",""
"1+2","154","1","2","1","33","Furnizimi me paisje mjekësore për nevojat e QMU-së ","13.11.15","80000","26800","","agani"," ","","",""
"1","155","2","2","1","72","Mirëmbajtja e pajisjeve te TI të Komunës, shkollave dhe Instit. tjera Komunale.  ","07.10.15","20000","20000","","Ricon"," ","","",""
"1+2","156","5","2","1","45","Ndërtimi I objektit te shalles se edukates fizike ne SHFMM ""Shtj. Gjeqovi""","22.10.15","150000","238564.24","","Engineering”"," ","","",""
"1+2","157","1","2","1","36","Furnizimi I shkollave me pajisje kabinetike ","01.12.15","85000","82667.75","","Cacttus"," ","","",""
"1","160","1","2","1","20","Furnizim me inventar kuzhine per IP","02.10.15","12000","14552","","termosistem"," ","","",""
"1","161","2","3","6","92","Servisimi dhe mbushja e aparateve për fikjen e  zjarrit     ","01.09.15","10000","10000","","Besarti"," ","","",""
"1+2","162","5","2","1","45","Ndertimi  I infrastruktures ne rrugen  Butriniti-Lagja Gjinaj si dhe ndertimi I dy vendparkingjeve ne lagjen  Lakrishte prapa Procredit Bankes-Prishtine","31.08.15","146573.4","84189.19","","Rexha"," ","","",""
"1+2","164","5","1","1","45","Ndertimi  I rruges nga Flotacioni -Lagja Vakovc(Marevc)","01.10.15","734319.81","396009.34","","RSM Company"," ","","",""
"1+2","165","1","3","6","28","Furnizmi me perde shiritore per zyret e Objektit te Vjeter Komunal","09.10.15","3000.00 ","1488","","Genci Rol"," ","","",""
"1","166","2","2","1","93","Dezinfektimi dhe Deratizimi I objekteve shendetsore dhe arsimore te K.P","17.08.15","110000","48402.76","","Eko DDD"," ","","",""
"1","167","1","2","1","28","Furnizim me perde per institucionet arsimore","14.09.15","21500","13950","","MALI"," ","","",""
"1","168","1","3","6","28","Furnizimi me tepison I institucioneve arsimore ","08.09.15","8500.00","8370","","Global Ing"," ","","",""
"1+2","169","5","1","1","45","Ndertimi I rruges Barileve Besi","01.10.15","1570785.66","965582.96","","REXHA&BENITA"," ","","",""
"1","171","5","3","6","45","Furnizimi dhe montimi I ulseve dhe varseve ne zhveshtore te stadionit te qytetit te Prishtines","10.08.15","1800","1600.45","","ARCHTIME"," ","","",""
"1","172","2","3","6","45","Punimet e elaboratit gjeomekanik te Nasa petrol  -Prishtinë","14.08.15","9800","9336.25","","G&B Tampon"," ","","",""
"1","173","1","2","1","30","Furnizim me kompjuter per nevojat e Komunes","14.09.15","20000","21600","","PBC"," ","","",""
"1","174","1","2","1","30","Vendosja e kamerave ne shkolla","22.09.15","50000","40968","","MF Systems"," ","","",""
"1+2","175","5","2","1","45","Ndërtimi I rrugëve në fshatin Prugovc","07.09.15","277407.94","163722.61","","Papenburg&Adria"," ","","",""
"1+2","176","5","5","3","45","Punët shtesë për zgjerimin e ndriçimit publik","06.08.15","2070","2070","2070","Elektra"," ","","",""
"1","177","5","3","4","74","Shërbimet shtesë për revidimin e projektit të çerdhes në lagjen Arberia","14.08.15","987","987","987","GM Architecture"," ","","",""
"1","178","1","2","1","28","Inventarizimi I këndeve te Leximit","07.10.15","50000.00","26647.53","","GG Desing&Galantaria Group"," ","","",""
"1","179","2","2","1","93","Mirëm. e paji.laboratorike, sterilizatorëve dhe të stomatologjisë - pjesa e I-re","20.10.15","30000","10489.95","","NTSh mam"," ","","",""
"1","179","2","2","1","93","Mirëm. e paji.laboratorike, sterilizatorëve dhe të stomatologjisë - pjesa e II-te","20.10.15","0","1242","","NTSH mam"," ","","",""
"1","179","2","2","1","93","Mirëm. e paji.laboratorike, steriliz dhe të stomatologjisë - pjesa e III-te","20.10.15","0","5780","","NTSH mam"," ","","",""
"1","180","2","1","1","93","Deratizimi I rrjetit të kanalizimit të Prishtinë","11.11.15","200000","104040","","Ekologjia"," ","","",""
"1","181","2","1","1","93","Deratizimi vjeshtor I podrumeve dhe garazhave të Prishtinë","28.09.15","225000","216000","","Truly Nolen "," ","","",""
"1","182","1","1","1","15","Furn. me shujta për nxënësit e klasëve të ulta(I-V)te shkollave të Prishtinës","15.10.15","280000","200000","","Premium Bakery"," ","","",""
"1","183","1","3","6","32","Furnizimi me  Led Tv dhe paisjet  per nevojat e  IT-se ","01.09.15","10000","9980","","IT Market"," ","","",""
"1+2","184","5","2","1","45","Ndertimi I rruges ne fshatin Hajvali dhe ndertimi I trotuareve ne lagjen Muharrem Fejza","22.09.15","309914.17","195107.9","","Gashi ing"," ","","",""
"1+2","185","5","3","6","45","Rekonstruimet dhe renovimet ne objektin e ish Gjykates se APELIT","02.09.15","10000","7904.73","","Euro Besi"," ","","",""
"1","186","1","2","1","30","Furnizimi,montimi e instalimi i LAN-it në objektet dhe institucionet e Komunës","11.11.15","50000","31998","","Global Prishtina"," ","","",""
"1","187","1","3","6","31","Furnizimi me server","04.11.15","9600","9250","","Interadria"," ","","",""
"1","188","1","3","6","36","Furnizimi me inventar per polik.stomatologjike e medicines se punes te QKMF","05.11.15","6858.5","5220","","Burimi Dekor"," ","","",""
"1","189","5","3","6","45","Ndertimi  I sitemit te  ujitjes per fushen e  futbollit ne  Hajvali-faza e pare","16.09.15","10000","9951.06","","Zhvillimi"," ","","",""
"1+2","190","5","2","1","45","Ndertimi I disa rrugeve me kubeza betoni ne lagjen Hajvali","13.10.15","337186.36","200025","","Gerlica Comp"," ","","",""
"1+2","191","1","3","6","20","Furnizimi me inventar për parashkollor","06.10.15","5000.00","4062","","Mali"," ","","",""
"1+2","192","5","2","1","45","Ndertimi I rruges Dabishevc -Mutivodë","27.10.15","291482.17","176985.82","","ulpiana&bageri"," ","","",""
"1+2","193","5","2","1","45","Ndertimi I  rruges ne  fshatin Bardhosh","11.11.15","95874.26","57770.33","","veha group&clirimi"," ","","",""
"1+2","194","5","2","1","45","Ndertimi I mureve mbrojtese","06.11.15","268781.15","170556.78","","Benita Company"," ","","",""
"1+2","195","5","2","1","45","Ndertimi I disa rrugeve ne lagjen Kolovice","28.10.15","495429.25","347023","","kema company"," ","","",""
"1+2","196","5","2","1","45","Ndertimi I rr. Me kubeza betoni ne lagjen e Spitalit","27.10.15","499979.8","371966.54","","kema company"," ","","",""
"1+2","197","5","2","1","45","Ndertimi I  rrugeve  rurale  ne Ballaban ,lagja e Shilloveve","17.11.15","377280.07","293724.15","","alkon&lirigzoni trans"," ","","",""
"1+2","198","5","2","5","45","Ndertimi I kanalizimit fekal dhe trotuareve ne Vranidoll","04.09.15","15852.05","15852","15852.05","Linda"," ","","",""
"1+2","199","1","2","1","30","Furnizimi me paisje për zhytje ","02.12.15","25000","17461.86","","Artius Group”"," ","","",""
"1+2","200","5","2","1","45","Rehabilitimi  ,planifikimi dhe stabilizimi I dheut  nga rreshqitja","19.10.15","340154.52","163723.64","","ledi inge"," ","","",""
"1+2","201","5","2","1","45","Ndertimi dhe modernizimi I semaforeve ne  Prishtinë për vitin 2015","22.10.15","120000","119815","","eko invest"," ","","",""
"1","202","1","2","1","21","Furnizimi I Biblotekës së qytetit ""Hivzi Sylejmani""me tituj  te rinjë me libra ","26.10.15","50000","49442","","Artini”"," ","","",""
"1","203","1","3","6","28","Furnizim me mjete didaktike per qerdhet ""Ngjyrat ""-Hajvali dhe Besi","11.09.15","6000","5120","","Xhad"," ","","",""
"1","204","1","1","1","36","Furnizimi me qumësht për nxënësit e shkollave – niveli i ulët prej klasës se I–V ","30.10.15","200000","448371","","devolli group"," ","","",""
"1","205","1","3","6","15","Furnizimi me ushqim te fresket  dhe uje per aktivitetet e ndryshme nga DKA","04.09.15","5100","5000","","Bina com"," ","","",""
"1+2","206","5","2","1","45","Rregullimi I oborreve te disa shkollave te Komunes se Prishtines loto I","02.10.15","205000","138598.52","","Global Ing"," ","","",""
"1+2","","","","","","Rregullimi I oborreve te disa shkollave te Komunes se Prishtines loto II","02.10.15","0","81850","","Zhvillimi"," ","","",""
"1","208","2","3","6","92","Organizimi I edicionit të 15 të festivalit ""Ylberi I Prishtinës""-pjesa teknike","09.09.15","10000","9776","","Qendra Art”"," ","","",""
"1","209","2","3","6","92","Organizimi I edicionit të 15 të festivalit ""Ylberi I Prishtinës""-pjesa astistike","09.09.15","10000","9723.8","","Light Prodution "," ","","",""
"1","210","2","2","1","93","Fushata informuese per tatim ne pronen e paluajtshme","08.12.15","72000","70991.28","","Republika"," ","","",""
"1+2","214","2","3","6","74","Revidimi I projektit kryesor Enver Maloku","13.10.15","6000","5500","","smart project"," ","","",""
"1+2","215","5","2","1","45","Zhvendosja e Rrjetit kryesor furnizues te Batllavës ,te gypave 600mm","02.11.15","202170","158017","","Alfa -i"," ","","",""
"1+2","216","5","2","1","45","Ndertimi I rruges paralele me rrugen B","03.11.15","403152.98","279939.59","","Beni Construction"," ","","",""
"1+2","217","5","2","1","45","Ndërtimi I disa rrugëve me kubza betoni ne lagjen ""Mati""","10.12.15","493245.48","396508.42","","Pro&Co Grup&Vz"," ","","",""
"1+2","218","1","2","1","1","Furnizimi me drunje dekorativ ","20.11.15","76000","60350","","las pallmas"," ","","",""
"1+2","219","5","2","1","45","Ndërtimi I pjerrinave në qytetin e Prishtinë","08.12.15","35495.12","24559.21","","Brezi Kufitar"," ","","",""
"1+2","220","1","3","6","30","Furnizim me aparat profesional per nevojat e zyres  per media","07.10.15","6000","3390","","proinfo systems"," ","","",""
"1","224","2","3","6","92","Organizimi i festivalit te kukllave-akomodimi dhe transporti i pjesemarrsve","23.09.15","10000","9825","","Light design"," ","","",""
"1","225","2","2","1","90","Mirembajtja dimrore e rrugeve dhe trotuareve ne qytetin e Prishtines ","17.11.15","550000","76128.69","","Dardania"," ","","",""
"1","225","2","2","1","90","Mirembajtja dimrore e rrugeve dhe trotuareve ne qytetin e Prishtines ","17.11.15","0","91747.12","","Toifor"," ","","",""
"1","225","2","2","1","90","Mirembajtja dimrore e rrugeve dhe trotuareve ne qytetin e Prishtines ","17.11.15","0","108068.64","","VZ company"," ","","",""
"1","225","2","2","1","90","Mirembajtja dimrore e rrugeve dhe trotuareve ne qytetin e Prishtines ","17.11.15","0","66486.22","","Ve mor"," ","","",""
"1","225","2","2","1","90","Mirembajtja dimrore e rrugeve dhe trotuareve ne qytetin e Prishtines ","17.11.15","0","103204.1","","Pastrimi"," ","","",""
"1","225","2","2","1","90","Mirembajtja dimrore e rrugeve dhe trotuareve ne qytetin e Prishtines ","17.11.15","0","95827.31","","Niti&Ledi Ing"," ","","",""
"1","226","1","3","6","36","Furnizimi me paisje dhe materiale per mirembajtje te objekteve Komunale","01.12.15","10000","9955.67","","Altrade"," ","","",""
"1+2","228","5","2","1","45","Ndertimi I dy kendeve te lodrave","","85000","79749.46","","AR ING&Kema"," ","","",""
"1","229","5","3","6","45","Rregullimi I oborrit te shkolles fillore ""Hilmi Rakovica""","19.10.15","8000","7402.5","","BREZI Kufitar"," ","","",""
"1","230","1","2","1","28","Furnizimi me invertar per institucionet arsimore","03.11.15","40000.00","39600","","G.G. Design"," ","","",""
"1+2","231","5","2","1","45","Mirëmbajtja dimrore e rrugëve rurale - pjesa e pare ","17.11.15","300000","108610.36","","VZ company"," ","","",""
"1+2","232","1","1","1","33","Furnizimi me material stomatologjik per nevojat e sherb. Stomat. te QKMF","14.12.15","240000","257497.8","","Koslabor"," ","","",""
"1+2","233","5","2","1","45","Renovimi I Dispanzerit te mushkerive dhe I ambulancave shendetesore","21.12.15","100000","","","Tribuna"," ","","",""
"1+2","234","1","1","1","36","Furnizimi me  artikuj  ushqimor per nevojat e kuzhines  se  I-P","11.01.16","200000","190000","","Hajdini Commerc"," ","","",""
"1+2","235","5","2","1","45","Renovime në objektin e Qendrës së Mjekësisë Urgjente në Prishtinë","08.12.15","70000","42437.62","","AREA"," ","","",""
"1+2","237","5","2","1","45","Ndertimi  I infrastruktures  ne rrugen  Hysen Terpeza dhe krahet e saj ,ne lagjen Veternik","23.11.15","498876.9","317005.3","","Gerlica Comp"," ","","",""
"1+2","238","5","2","1","45","Ndërtimi I infrastrukturës në Sofali dhe kanalizimi fekal në fsh. Besi","23.11.15","185845.88","140088.95€","","Ulpiana”"," ","","",""
"1+2","239","5","2","1","45","Rindertimi I disa kraheve te rrugeve""Shaban Shala,Xhevat Begolli,Ibrahim Kelmendi,Rexhep Kabashi,Asllan Pireva,William Shekspir dhe gjon Serreqi","16.12.15","471102.09","300185.58","","Kema Company"," ","","",""
"1+2","240","1","3","6","28","Furnizimi I shkollave me televizor","10.11.15","9000.00","8750","","F.M. Grup"," ","","",""
"1","241","2","3","6","93","Sigurimi I automjeteve te komunes ","12.06.15","10000","10000","","kosova e re"," ","","",""
"1","242","1","2","1","28","Furnizimi me shporta te vogla te mbeturinave për objektet shkollore","17.12.15","47000","46400","","Daqa "," ","","",""
"1+2","244","5","2","5","45","Ndertimi I kanalizimit fekal ne fshatrat Llumnic,Barilev-pun shtes","19.10.15","3619.7","3619.7","","Muratori"," ","","",""
"1","245","1","3","6","30","Furnizimi dhe instalimi I kamerave  ne objektin e Inspekcionit  dhe Arkivit ","17.11.15","9000","8862","","MF Systems"," ","","",""
"1+2","247","5","2","1","45","Renovimi dhe adaptimi I QMF- Tophane-ish objekti I Gjykates Qarkut","25.11.15","130000","47942.5","","Tribune"," ","","",""
"1","248","1","2","1","30","Furnizimi me shtepiza për tregun dimror","11.12.15","40000.00","39840","","GA Consulting&Proco Grup"," ","","",""
"1","249","1","2","1","28","Furn.dhe Dekorimi me bredha I sheshit ""Z.Pajaziti-N.Tereze dhe I.Rugova ","15.12.15","20000","18360","","link media plus"," ","","",""
"1","249","1","2","1","28","Furn.dhe Dekorimi me bredha I sheshit ""Z.Pajaziti-N.Tereze dhe I.Rugova ","15.12.15","50000","48728","","link media plus"," ","","",""
"1","251","1","2","1","18","Furnizimi me veshmbathje mjekesore per stafin mjekesor te QKMF-se","17.12.15","20000","17900.2","","Arta tex"," ","","",""
"1+2","253","5","2","1","45","Ndërtimi I disa rrugëve lidhëse me rrugën për Gazimistan","21.12.15","264291.73","192395.7","","Sopi"," ","","",""
"1+2","254","1","3","6","36","Furnizimi me glykol per objektin e ri komunal dhe instit. tjera komunale","09.11.15","10000","8850","","termoinginierin"," ","","",""
"1","255","1","3","6","36","Furnizimi dhe montimi I gypave te ujësjellsit në rr.Preandori Justinjan","16.11.15","9980","9770","","Eing Com"," ","","",""
"1+2","256","5","2","1","45","Ndertimi I infrastruktures ne rrugen Trepqa","21.12.15","282799.2","184272.4","","Gashi Ing"," ","","",""
"1+2","257","2","3","6","93","Fushatë vedisuese për ruajtjen e mjedisit","16.11.15","2500","2490.00€","","Eko Mjedisi"," ","","",""
"1+2","258","5","2","5","45","Ndertimi I Bulevardit mbi kurriz","12.11.15","97588.62","97588.62","97588.62","rexha"," ","","",""
"1+2","259","2","3","6","92","Organizimi I manifestimit per festen e flamurit 28 NENTORI","26.11.15","10000","6020","","Light Production"," ","","",""
"1+2","260","5","2","5","45","Ndertimi I rrugve lokale ne lagjen Sylaj-Busi Mramor","11.11.15","4835","4835","","Veha Group"," ","","",""
"1","265","2","2","1","60","Transporti I nxensve dhe arsimtareve ne viset rurale pjesa I","28.12.15","108000","7200","","Sherif Vitija "," ","","",""
"1","265","2","2","1","60","Transporti I nxensve dhe arsimtareve ne viset rurale pjesa II","28.12.15","0","14220","","Simolli Tours"," ","","",""
"1","265","2","2","1","60","Transporti I nxensve dhe arsimtareve ne viset rurale pjesa III","28.12.15","0","10620","","Ramadan kllokoqi"," ","","",""
"1","265","2","2","1","60","Transporti I nxensve dhe arsimtareve ne viset rurale pjesa V","06.01.15","0","7740","","Minibus Enver Berish"," ","","",""
"1","265","2","2","1","60","Transporti I nxensve dhe arsimtareve ne viset rurale pjesa VI","30.12.15","0","9900","","minibus Xhavit Osm"," ","","",""
"1","265","2","2","1","60","Transporti I nxensve dhe arsimtareve ne viset rurale pjesa VIII","30.12.15","0","6030","","Hani Trans"," ","","",""
"1","265","2","2","1","60","Transporti I nxensve dhe arsimtareve ne viset rurale pjesa X","31.12.15","0","11610","","Blerim Rexha"," ","","",""
"1","266","1","2","1","29","Funksionalizimi I Qendres për këshillim me paisje të teknologjis","13.01.15","19180","20561","","Com trade"," ","","",""
"1","267","1","2","1","28","Furnizimi me mobilje për qendrën e Karierës","28.12.15","14933","7535","","Mali-i”"," ","","",""
"1","270","1","3","6","14","Furnizimi dhe montimi I materialit per ndertimin e kanalit ne rr Naser Hajrizi","22.12.15","10000","9549.8","","Risa mont "," ","","",""
"1","271","1","3","6","36","Furnizimi  dhe montimi I ashensorit per personat me aftesi te kufizuar ne Qkm","11.12.15","9000.00","8887.5","","Ejona  "," ","","",""
"1","272","5","3","6","45","Kycja  e objektit  te  Inspekcionit  ne rrjet te kanalizimit  ekzistues","22.12.15","4295","4580","","Engroup"," ","","",""
"1+2","274","2","3","6","93","Kryerja e sherbimeve mediale per Komunen e Prishtines","23.12.15","9000","8940","","Kosova Pres "," ","","",""
"1","278","5","3","6","45","Zhvendosja e kabllove te tensionit 10kv ne fshatin Barileve","21.12.15","9546.43","9433.6","","Sopi "," ","","",""
"1","280","1","3","6","28","Furn.dhe mont. I paj.per funksionalizimin  e ngr.qend. ne sh.f. Avni Rrustemi","06.01.16","10000","9362","","Termo Enginiering"," ","","",""
"1+2","282","4","3","6","74","Modifikimet e projektit per çerdhen e femijeve ne Kodren e Trimave","28.12.15","4900","4900","","Smart Project"," ","","",""
"1+2","287","5","2","5","45","Ndërtimi I sallës së Edukates fizike ne shkollen Shkendija në Hajvali","","11957.98","","",""," ","","",""
"","15","001","1","4","7","Furnizimi me orë dore ","12.01.2015","","900","","NTP ""Ora"""," ","","",""
"","15","002","1","4","7","Furnizimi me material elektrik ","12.01.2015","","954.68","","NTP ""El-Nazi"" "," ","","",""
"","15","003","1","4","7","Demolimi dhe montimi i motorit hidraulik për dyer nga çelqi  ","05.01.2015 ","","180","","NSH ""Alumini"" "," ","","",""
"","15","004","1","4","7","Furnizimi me farë dhe material tjetër shpenzues për kultivimin e perimeve në sera ","13.02.2015 ","","969","","NTP ""AgroPharma"""," ","","",""
"","15","005","1","4","7","Furnizimi me tabela shkrimi-shkollore për gjimnazim ""Sami Frashëri"" ","13.02.2015","","980","","NTG ""Blendi"" "," ","","",""
"","15","006","2","4","7","Rregull.i energj. elekt.në orman dhe pjesë tjera të ngrohjes qendr.SHF ""F.Konica""","13.02.2015 ","","784.5","","""MVR Elektromontues"""," ","","",""
"","15","007","1","4","7","Furnizimi dhe montimi i kamerave në objektin e QKF - Gërmi ","13.02.2015 ","","931.48","","""Professional Alarm"" "," ","","",""
"","15","008","1","4","7","Mirëmbajtja e rrjetit dhe centralit telefonik, mars-dhjetor 2015","13.02.2015","","850","","DPZ ""Phone TE COM"" "," ","","",""
"","15","009","1","4","7","Furnizimi me trenerka për KB ""Prishtina"" - femrat ","02.03.2015","","885","","SHPK ""Sport Depo"" "," ","","",""
"","15","010","1","4","7","Fuirnizimi me paisje pune: helmeta te bardhe dhe çizme gome ","04.03.2015 ","","348","","SHPK ""Al Trade"" "," ","","",""
"","15","011","1","4","7","Furnizimi me artikuj higjeniko-sanitar për nxënësit e komunitetit RAE","04.03.2015","","998.97","","SHPK ""Viva"" "," ","","",""
"","15","012","1","4","7","Furnizimi me material didaktik për SHMAT ""Abdyl Frashëri""","09.03.2015","","984","","NTG ""Blendi"" "," ","","",""
"","15","013","2","4","7","Dizajni, shtypja e revistës, me rastin e 30 vjetorit të themelimit SHMU ""Dardania"" ","09.03.2015 ","","980","","NTSH ""Teknika"" "," ","","",""
"","15","014","1","4","7","Furniz.me aparaturë elektr.,projektor, llaptop dhe fotoaparat për SHMAT""A.Frasheri","13.03.2015 ","","965","","SHPK ""Axa"" "," ","","",""
"","15","015","1","4","7","Furnizimi me tavolinë dhe karrika për Drejtoratin e Arsimit ","13.03.2015 ","","839","","SHPK ""Lesna"" "," ","","",""
"","15","016","1","4","7","Furnizimi me lule me rastin e 8 Marsit ","16.03.2015 ","","260","","NTP ""Labi"" "," ","","",""
"","15","017","1","4","7","Furnizimi me monitora TOUCH SCREEN LED 21,5 INCH ","17.03.2015","","885","","SHPK ""Media-Market"""," ","","",""
"","15","018","1","4","7","Furnizimi me rollne termike fiskale 58/30","23.03.2015 ","","900","","NTSH ""Enternet"" "," ","","",""
"","15","019","1","4","7","Furnizimi me material higjeniko-sanitar për Sektorin e Bashkësive Lokale ","01.04.2015","","800.75","","""Beni Dona-Plast"" "," ","","",""
"","15","020","1","4","7","Servisimi i kompjuterëve dhe llaptopëve - donacion nga ZRE-ja ","01.04.2015","","998","","NTSH ""Info Print"""," ","","",""
"","15","021","1","4","7","Furnizimi me pajisje për Drejtoratin e Inspekcionit ","08.04.2015 ","","999.75","","SHPK ""Al-Trade"" "," ","","",""
"","15","022","1","4","7","Furnizimi dhe montimi i rrjetave në dritare ","08.04.2015 ","","950","","NNSH ""Graniti-Mont"" "," ","","",""
"","15","023 ","1","4","7","Furnizimi me makinë për tharjen e rrobave për Brigadën e Zjarrëfikësve ","08.04.2015 ","","339","","NTP ""Euroline"" "," ","","",""
"","15","024","1","4","7","Furnizimi me farë Jongje dhe farë bari i përzier për SHMAT ""Abdyl Frashëri"" ","20.04.2015 ","","898.94","","NTSH""Agrokultura"" "," ","","",""
"","15","025","1","4","7","Furnizimi me leter A-0 - rollne ","30.04.2015","","645","","SHPK ""Europrinty"" "," ","","",""
"","15","026","1","4","7","Trans. i nxënësve të SHF ""Xh.Mustafa në relac.PR-TR-DR dhe anasjelltas me akom.","30.04.2015 ","","985","","NTP ""D i t a"" "," ","","",""
"","15","027","1","4","7","Aplikacion softverik për monitorimin e taksave të bizneseve ","30.04.2015","","870","","""Ati-Kos"" "," ","","",""
"","15","028","1","4","7","Furniz. me pajisje për fotokopjim, skanim dhe printim për SHMAT ""A. Frashëri"" ","04.05.2015 ","","790","","NTSH ""Rikon"" "," ","","",""
"","15","029","1","4","7","Shtypi i revistës për SHFMU ""Faik Konica"" - Prishtinë ","04.05.2015 ","","522","","NTG ""Blendi"" "," ","","",""
"","15","030","2","4","7","Trans. i nxënësve dhe arsimtarëve në relacionin Prishtinë-Koliq dhe anasjelltas ","06.05.2015 ","","930","","Minibus Musli Ahmeti "," ","","",""
"","15","031","2","4","7","Trans.i nxënësve dhe arsimt. në relac.PR-Prapash.-Balaj-Hajkob.Gllogov.anasjelltas ","06.05.2015","","994","","NT ""Simolli Tours"""," ","","",""
"","15","032 ","2","4","7","Trans.i nxënësve dhe arsimtarëve në relacionin PR.-Slivovë - Viti - Bullaj  ","06.05.2015 ","","960","","Minibus-Sherif Vitija"," ","","",""
"","15","033","1","4","7","Furniz. me paisje dhe material për mekanizimin bujqësor në ekonominë e shkollës ","14.05.2015","","432.5","","SHPK ""Automix"" "," ","","",""
"","15","034","1","4","7","Furnizimi me flamuj ","20.05.2015","","252","","NTG ""Blendi"" "," ","","",""
"","15","035","1","4","7","Furniz.me ujë 0,5 lit. me rastin e Testit të Arritshmërisë për nxënës-11 shkolla ","22.05.2015 ","","716.3","","SHPK ""Ujë Rugove"" "," ","","",""
"","15","036","2","4","7","Pastrimi i objektit të kuzhinës në Gërmi ","26.05.2015 ","","322.2","","NPSH ""Top Service"" "," ","","",""
"","15","037","2","4","7","Bartja,montimi dhe zërimi me rastin e Ditës së Fëmijëve 1 Qershor ","29.05.2015","","900","","NTSH ""Toni"" "," ","","",""
"","15","038","1","4","7","Furnizim emergjent me material shpenzues për laboratorin e QKMF-së ","03.06.2015","","840","","NTSH ""Atom-Med"" "," ","","",""
"","15","039","1","4","7","Furnizimi me ujë pa gas 0,5 lit. me rastin e Testit të Maturës ","04.06.2015","","809.4","","SHPK""Ujë Rugove"" "," ","","",""
"","15","040","2","4","7","Transporti i administratorëve për Testin e Maturës Shtetërore","04,06.2015","","980","","""Sharr Travel"" "," ","","",""
"","15","041","2","4","7","Demolimi , montimi i derës nga qelqi me foli siguruese dhe kornizë alumini ","05.06.2015","","250","","NN""Konstruktori-Ing"" "," ","","",""
"","15","042","1","4","7","Furnizimi me material elektrik ","09.06.2015","","867.49","","NTP ""Pajta"" "," ","","",""
"","15","043","1","4","7","Furnizimi dhe montimi i Pllakës së granitit natyral ","09.06.2015 ","","980","","MG ""Kosova"" "," ","","",""
"","15","044","1","4","7","Mveshja dhe teksti i pllakës të ish zyra e UÇK-së ","11.06.2015 ","","980","","MG ""Noti"" "," ","","",""
"","15","045","1","4","7","Furnizimi me reklamë për SHMAT ""Abdyl Frashëri"" ","19.06.2015","","400","","NTSH ""Emirek"" "," ","","",""
"","15","046","2","4","7","Dizanjimi i kampanjës për 21 Qershor- Festa e Muzikës","19.06.2015","","925","","SHPK ""Prsolutions"""," ","","",""
"","15","047","1","4","7","Punimi, dizajni i katalogut për shkollën SHMAT' Abdyl Frashëri' -Prishtinë ","06.07.2015","","300","","NTG ""Venera"""," ","","",""
"","15","048","1","4","7","Furnizimi me Llaptop për SHMAT ""Abdyl Farshëri""- Prishtinë ","06.07.2015","","350","","SHPK ""PC Comp"""," ","","",""
"","15.","049","2","4","7","Pastrimi i tepisonëve dhe jashtëkëve","10.07.2015","","307","","NTSH ""Shtëpiaku"""," ","","",""
"","15","050","1","4","7","Furnizimi me flamuj me dizajn për nevojat e Kabinetit te kryetarit","10.07.2015","","600","","SHPK ""Finesë"""," ","","",""
"","15","051","1","4","7","Furniz.me tavolina,buqeta lule dhe vazo te larta,dekorime për nev.e Kabinetit","10.07.2015","","500","","NTP ""City Desing"""," ","","",""
"","15","052","1","4","7","Furnizimi me konstrukcione dhe perde për nevojat e Kabinetit të Kryetarit","10.07.2015","","750","","NTP ""Lux Print"""," ","","",""
"","15","053","1","4","7","Furnizimi me material hidro-sanita,bravari dhe vegla pune","22.07.2015","","958.98","","NTP ""A&L"""," ","","",""
"","15","054","1","4","7","Furnizimi me sirena alarmuese dhe konventor per BPZ","22.07.2015","","980","","NT Auto Dekor ""Buli"""," ","","",""
"","15","055","2","4","7","Shërbimet e sigurimit të objekteve të QPS përmes sistemit të alarmit","29.07.2015","","960","","SHP ""Delta Security"""," ","","",""
"","15","058","1","4","7","Furnizimi me karrika dhe tavolina për SHME ""Gjin Gazulli""- Prishtinë","02.09.2015","","998","","NPT ""MALI-I"""," ","","",""
"","15","059","1","4","7","Furnizimi me artikuj higjenik për nxënësit e komunitetit RAE","18.09.2015","","843.74","","NPT""Bajraktari Com"""," ","","",""
"","15","060","1","4","7","Dizanji i kampanjës dhe materialit promocional","21.09.2015","","973.5","","SHPK ""PR Solutions"""," ","","",""
"","15","061","1","4","7","Furniz.i materialit për pun. e bazamentit në shtyllat e bet. në rr. Siqevë-Llukar(0.4kv)","02.10.2015","","993.3","","NNTSH ""Drini"" "," ","","",""
"","15","062","2","4","7","Pastrimi gjeneral ne ish ndërtesën e Gjykatës se Apelit ne Prishtinë","02.10.2015","","300","","SHPK ""M.S.S."""," ","","",""
"","15","063","1","4","7","Furnizimi me paisje elektronike - të rrjetit","07.10.2015","","398","","OK ""Comtrade Compu.  Prishtinë"," ","","",""
"","15","064","1","4","7","Furnizimi me vaj motori (15w-40) për automjetet e BPZ-së","07.10.2015","","721.76","","SHPK""Euro Delta"""," ","","",""
"","15","065","1","4","7","Furnizimi me paisje elektrike-elektronike për Drejtoratin e Inspekcionit","12.10.2015","","370.6","","ASWO""El.Kosova"""," ","","",""
"","15","066","1","4","7","Furnizimi me tavolina dhe karriga për DKA","15.10.2015","","600.73","","""Lesna Ing.AF'"," ","","",""
"","15","067","1","4","7","Furnizimi me paisje elektrike","15.10.2015","","935.55","","NTP""Pajta"""," ","","",""
"","15","068","2","4","7","Rregullimi i terrenit - shtrurja e kubzave nga betoni, grryerja dhe largimi i dheut","29.10.2015","","588","","NNT ""Brezi Kufitar"""," ","","",""
"","15","069","1","4","7","Furnizimi dhe montimi i foljeve në 3 autovetura të Komunës","29.10.2015","","270","","DPZ ""Xhema"""," ","","",""
"","15","070","1","4","7","Furnizimi me kartela me çip për printim","09.11.2015","","962.5","","LLC ""Profesional Alarm"," ","","",""
"","15","071","1","4","7","Furnizimi me flipcharta (tabela) me elemente përcjellëse","09.11.2015","","252","","NTGI""Grafo Loni"""," ","","",""
"","15","072","2","4","7","Rekonstruimi i nyjeve sanitare ne Gjimnazin Sami Frashëri - Prishtinë","09.11.2015","","964","","NTP ""Ulpiana"""," ","","",""
"","15","073","1","4","7","Furnizimi me material për bife në Drejtoratin e Inspekcionit","09.11.2015","","226.64","","SHPK ""Al-Trade"" "," ","","",""
"","15","074","2","4","7","Furnizimi dhe montimi i derës me kornizë nga alumini","25.11.2015","","380","","""Metra- Construction"""," ","","",""
"","15","075","1","4","7","Furnizimi me dhurata për fëmijët e komunitetit RAE","26.11.2015","","993.6","","""Maxi-Hipermarket"," ","","",""
"","15","076","2","4","7","Transporti i 35 pasagjerëve në relacionin Prishtinë-Prevallë -Prizren dhe anasjelltas","26.11.2015","","400","","""Sharr Travell"""," ","","",""
"","15","077","2","4","7","Instalimi i sistemit të Access controllës","26.11.2015","","980","","SHPK""Pro-4"""," ","","",""
"","15","078","2","4","7","Rregullimi i mobileve në kujdestarinë e objektit te BPZ-së","30.11.2015","","995","","SHPK""Modako"""," ","","",""
"","15","079","2","4","7","Instalimi i telefonisë fikse ne Sek.e Legalizimit ne Komunën e Re- Arbëri","04.12.2015","","450","","""Telecomm Service"""," ","","",""
"","15","080","1","4","7","Furnizimi me kupa dhe kupona me vlerë - shpërblime për Laureatët e sportit","04.12.2015","","985","","""Sporting"""," ","","",""
"","15","081","1","4","7","Furnizimi dhe montimi i DVR-it në Gjimnazin ""Sami Frashëri - Prishtinë","15.12.2015","","979","","SHPK ""Delta Security"""," ","","",""
"","15","082","1","4","7","Furnilzimi dhe montimi i paisjeve të IT-së në Drejtoratiln e Kadastrit ","16.12.2015","","466.1","","SHPK GeoTECH"" "," ","","",""
