Planifikuar,Buxheti,Numri prokurimit,Lloji i prokurimit,Vlera e prokurimit,Procedura e prokutimiy,Klasifikimi(2 shifrat e para te FPP),Titulli i aktivitetit te prokurimit,Data e inicimit të aktivitetit të prokurimit (data e pranimit të kërkesës),Data e aprovimit të deklaratës së nevojave dhe disponueshmërisë së mjeteve,Data e pranimit të specifikimit teknik (TOR),Data e publikimit të njoftimit për kontratë,Ankesat në autoritet,Ankesat në OSHP,Data e hapjes së ofertave,Nr. i OE që kanë shkarkuar dosjen e tenderit,Nr. i OE që kanë dorëzuar ofertat,Data e fillimit dhe përfundimit të vlersimit,Numri i ofertave të refuzuara,Data e aprovimit të Deklaratës së nevojave dhe disponueshmërisë së mjeteve - rikonfirmimi,Data e publikimit të njoftimit për dhënie të kontratës,Data e publikimit të anulimit të njoftimit,Letrat Standarde për OE,Ankesat në autoritet,Ankesat në OSHP,Vlera e parashikuar e kontratës,OE,Afati kohor për pranimin e tenderëve,Kriteret për dhënie të kontratës,Re-tenderimi,Statusi,Emri i OE të cilit i është dhënë kontrata,Data e nënshkrimit të kontratës,Afati për implementimin e kontratës,Data e mbylljes së kontratës,"Vlera totale e kontratës, duke përfshirë të gjitha taksat","Numri i përgjithshëm i situacioneve për pagesë, sipas kontratës",Vlera totale e Aneks kontratës duke përfshirë të gjitha taksat(1),Data e nënshkrimit të Aneks kontratës(1),Data e pagesës së situacionit(1),Shuma e pagesës së situacionit(1),Data e pagesës së situacionit(2),Shuma e pagesës së situacionit(2),Shuma e zbritjes nga kontrata për shkaqe të ndalesave,Data e pagesës së situacionit të fundit,Shuma e pagesës së situacionit të fundit,Çmimi total i paguar për kontratën,Drejtoria,Emri i zyrtarit të prokurimit,Selia e OE,Flag statusi
,1+2,144,1,2,1,36,Furnizimi me 4 aparate automatike per nxjerrjen e dokumenteve te gj. civile  ,06.09.16,,,09.09.16,,,,7,1,,1,,,,,,,"50,000.00",1,1,1,,,DLD group,04.07.17,60 dite,04.09.17,"48,746.00",,0,,,,,,0,,,"48,746.00",Administrata,,,
,,156,2,2,1,63,Sigurimi I automjeteve te Komunes ,06.09.16,,,20.10.16,,,,13,10,,0,,,,,,,"60,000.00",1,1,1,,,Sigal,30.01.17,36 muaj,,"19,307.00",,0,,,,,,0,,,"16,362.00",Administrata,,,
,1+2,161,5,2,1,45,Ndërt i rrugës paralele me kanalin Ibër Lepenc në fshatin  Bërnicë e Poshtme,28.09.16,,,02.11.16,,,,60,15,,0,,,,,,,"494,574.36",1,1,1,,,Papenburg ,13.02.17,120 dite,13.06.17,"347,927.05",,0,,,,,,0,,,"200,000.00",Investime,,,
,,165,2,2,1,60,Trasnporti I nxenesve me aftesi te kufizuara ,24.10.16,,,10.11.16,,,,19,15,,2,,,,,,,"110,000.00",1,1,1,,,11 Operator Ekono,26.01.17,12 muaj,,"109,080.00",,0,,,,,,0,,,"100,000.00",Arsimi,,,
,,168,2,3,6,92,Sherbimet e monitorimit te sistemit alarmit ndaj thyerjeve -vjedhjeve  per tri Njesit e Qendres per pune sociale,15.11.16,,,01.03.17,,,,3,1,,0,,,,,,,"2,000.00",1,1,1,,,Besa Security,10.03.17,12 muaj,,"1,506.60",,0,,,,,,0,,,0,Shendetsia,,,
,,170,5,2,5,45,"Ndërtimi i rrugëve në fshatin Koliq ,lagja Bicaj dhe Vol-Punë shtesë ",01.12.16,,,09.03.17,,,,1,1,,0,,,,,,,"11,956.70",1,1,1,,,Ledi&Bashkimi,21.03.17,30 dite,21.04.17,"11,956.70",,0,,,,,,0,,,"11,956.70",Investime,,,
,,171,2,3,5,36,Perkthimi I dokumenteve te Drejtorise se Kultures ne alfabetin e Brailit dhe anasjelltas,05.12.16,,,22.12.16,,,,1,1,,1,,,,,,,"1,000.00",1,1,1,,,Shoqata Nderkomunale e te verberve peje,10.01.17,12 muaj ,,"1,000.00",,0,,,,,,0,,,800,Kultura,,,
,,174,5,2,2,45,"Punimi I rrethojave, pastrimi fitosanitar ne varrezat  e komuniteteve dhe zgjerimi  I ndricimit  publik ne Bernice ",09.12.16,,,27.02.17,,,,59,22,,1,,,,,,,"90,000.00",1,1,1,,,Ndertimtari,20.03.17,90 dite,25.07.17,"62,943.65",,0,,,,,,0,,,"62,943.65",Sh.p,,,
,,175,5,3,3,45,Realizimi I punimeve ne terase dhe kulm te pjerret ne Objektin e Zjarrfiksave,11.12.16,,,07.06.17,,,,1,1,,1,,,,,,,"5,387.00",1,1,1,,,Area,13.06.17,30 dite,13.04.17,"5,387.00",,0,,,,,,0,,,"5,387.00",Sh.p,,,
,,177,5,2,1,45,Renovime përmisim i infrastrukturës së objekteve shendëtsore dhe sociale ,24.11.16,,,31.03.17,,,,73,21,,5,,,,,,,"400,000.00",1,1,1,,,Ulpiana&Mati shpk,21.04.17,30 dite,21.05.17,"264,043.60",,0,,,,,,0,,,"246,000.00",Shendetsia,,,
,,179,1,2,1,21,Furnizimi me tiketa për LaurenCamene hyrje te Germis si dhe parkingjet mbrapa pallatit të rinis.,01.12.16,,,24.02.17,,,,17,7,,2,,,,,,,"30,000.00",1,1,1,,,Europrinty,10.03.17,12 muaj,,"30,000.00",,0,,,,,,0,,,"2,500.00",Administrata,,,
,,180,5,2,1,45,Mirembjatja e terenve sportive dhe kendeve te lojrave ne Komunen e Prishtines            Loto I,30.12.16,,,28.03.17,,,,48,5,,1,,,,,,,"46,000.00",1,1,1,,,V.Z Company,13.04.17,12 muaj,,"41,128.00",,0,,,,,,0,,,"30,000.00",Kultura,,,
,,180,5,2,1,45,Mirembjatja e terenve sportive dhe kendeve te lojrave ne Komunen e Prishtines          Loto II,30.12.16,,,28.03.17,,,,48,5,,1,,,,,,,"35,000.00",1,1,1,,,V.Z Company,13.04.17,12 muaj,,"29,893.40",,0,,,,,,0,,,"18,000.00",Kultura,,,
,,181,2,2,2,92,Mirembajtja e gjashtembedhjete pikave te sisitemit te Alarmit Publik sipas specifikimit teknik te bashkangjitur ,01.12.16,,,27.02.17,,,,1,1,,0,,,,,,,"10,000.00",1,1,1,,,Dugagjin Rudi,13.03.17,12 muaj,,"9,900.00",,0,,,,,,0,,,"9,900.00",Sh.p,,,
,,2,2,3,5,45,"Ndertimi I disa rrugeve ne Mramur,Sutesk dhe Slivove",10.01.17,,,20.04.17,,,,76,16,,6,,,,,,,"499,432.00",1,1,1,,,Seti comerce,04.05.17,90 dite,04.08.17,"349,447.11",,0,,,,,,0,,,"345,000.00",Investime,,,
,,4,2,1,1,93,Servisimi dhe mirembajtja e automjeteve te komunes - pjesa e I-re ,26.01.17,,,24.04.17,,,,24,2,,1,,,,,,,"110,000.00",1,1,1,,,AGS,08.05.17,36 muaj,,"63,507.00",,0,,,,,,0,,,"57,881.58",Administrata,,,
,,6,5,2,1,45,Ndertimi I mureve mbrojtese per rrugen Barileve- Besi,13.02.17,,,18.05.17,,,,72,15,,1,,,,,,,"196,625.42",1,1,1,,,Eko Group & Beni Com,06.06.17,90 dite,06.10.17,"137,520.70",,0,,,,,,0,,,"137,520.70",Investime,,,
,,8,5,2,1,45,Mirembajtja dhe rikonstruimi I rrjetit te ndriqmit publik I,07.02.17,,,02.05.17,,,,46,11,,3,,,,,,,"150,000.00",1,1,1,,,Ndriqimi&termovision,17.05.17,36 muaj,,"23,782.30",,0,,,,,,0,,,NaN,Sh.p,,,
,,9,2,2,1,77,Vaksionimi I gjedheve dhe qenve endacak ,21.02.17,,,05.04.17,,,,5,1,,0,,,,,,,"15,500.00",1,1,1,,,Veterina,21.04.17,36 muaj,,"15,500.00",,0,,,,,,0,,,"15,500.00",Bujqesia,,,
,,8,5,2,1,45,Mirembajtja dhe rikonstruimi I rrjetit te ndriqmit publik II,07.02.17,,,02.05.17,,,,46,11,,3,,,,,,,"150,000.00",1,1,1,,,Mvr elektromontues,17.05.17,36 muaj,,"19,872.90",,0,,,,,,0,,,"9,000.00",Sh.p,,,
,,8,5,2,1,45,Mirembajtja dhe rikonstruimi I rrjetit te ndriqmit publik III,07.02.17,,,02.05.17,,,,46,11,,3,,,,,,,"150,000.00",1,1,1,,,Vt3 &monten,17.05.17,36 muaj,,"10,329.00",,0,,,,,,0,,,"6,000.00",Sh.p,,,
,,8,5,2,1,45,Mirembajtja dhe rikonstruimi I rrjetit te ndriqmit publik IV,07.02.17,,,02.05.17,,,,46,11,,3,,,,,,,"150,000.00",1,1,1,,,Light and more,17.05.17,36 muaj,,"120,335.10",,0,,,,,,0,,,"60,000.00",Sh.p,,,
,,8,5,2,1,45,Mirembajtja dhe rikonstruimi I rrjetit te ndriqmit publik V,07.02.17,,,02.05.17,,,,46,11,,3,,,,,,,"150,000.00",1,1,1,,,Dardania,17.05.17,36 muaj,,"20,116.50",,0,,,,,,0,,,"16,000.00",Sh.p,,,
,,11,1,2,1,36,Furnizim me material didaktik per institucionet arsimore,27.02.17,,,14.04.17,,,,24,6,,1,,,,,,,"20,000.00",1,1,1,,,Mediatech &print,03.05.17,12 muaj,,"10,751.60",,0,,,,,,0,,,"10,751.60",Arsimi,,,
,,12,1,3,6,30,Furnizimi me aparate fotokopjuese per Institucionet arsimore ,27.02.17,,,01.03.17,,,,24,7,,0,,,,,,,"9,500.00",1,1,1,,,Astronik,28.04.17,60 dite,28.08.17,"6,900.00",,0,,,,,,0,,,"6,900.00",Arsimi,,,
,1+2,13,1,2,1,36,Furnizimi me inventar per Institucionet arsimore ,08.02.17,,,16.05.17,,,,35,2,,0,,,,,,,"40,000.00",1,1,1,,,Mali,12.06.17,06.12.17,12.08.17,"39,884.00",,"3,965.98",,,,,,0,,,"39,884.00",Arsimi,,,
,,14,1,2,1,36,Furnizimi i bibliotekave shkollore me kënde të leximit ,08.02.17,,,23.05.17,,,,16,6,,0,,,,,,,"30,000.00",1,1,1,,,MALI-I,05.06.17,60 dite,05.06.17,"18,750.20",,0,,,,,,0,,,"18,750.20",Arsimi,,,
,,15,1,2,1,36,Inventarizimi I çerdhes në Kodrën e Trimave,06.03.17,,,13.04.17,,,,28,3,,1,,,,,,,"49,412.00",1,1,1,,,A&F Construction,28.04.17,90 dite,28.09.17,"49,412.00",,0,,,,,,0,,,"49,412.00",Arsimi,,,
,,16,1,2,1,36,Furnizim me paisje muzikore per kabinete te muzikes,17.03.17,,,27.11.17,,,,13,1,,1,,,,,,,"23,000.00",1,1,1,,,Oni Desing,20.12.17,45 dite,,"22,430.00",,0,,,,,,0,,,0,Arsimi,,,
,,17,1,3,6,74,Pastrimi I tepihëve te institucioneve parashkollore ,21.03.17,,,02.06.17,,,,6,4,,0,,,,,,,"2,000.00",1,1,1,,,NITI,13.06.17,30 dite,13.07.17,"1,764.29",,0,,,,,,0,,,"1,764.29",Arsimi,,,
,,18,2,2,1,24,"Dezinfektimi, dezinsektimi dhe deratizimi i institucioneve arsimore",17.03.17,,,18.05.17,,,,5,2,,0,,,,,,,"30,000.00",1,1,1,,,EKO-DDD,12.06.17,60 dite,12.08.17,"25,747.69",,0,,,,,,0,,,"25,747.69",Arsimi,,,
,,19,5,2,1,45,Zgjerimi dhe modernizimi I rrjetit te ndriqimit publik per vitin2017,03.03.17,,,26.05.17,,,,35,11,,5,,,,,,,"300,000.00",1,1,1,,,Niti,07.06.17,12 muaj,,"154,851.00",,0,,,,,,0,,,"47,000.00",Sh.p,,,
,1+2,21,5,2,1,45,Ndertimi I rruges ne fshatin Keqekollë - lagja Kurtaj,24.03.17,,,22.05.17,,,,54,10,,0,,,,,,,"303,748.00",1,1,1,,,Bashkimi ,05.06.17,90 dite,01.09.17,"169,461.34",,"15,712.83",,,,,,0,,,"169,461.34",Investime,,,
,,22,2,2,1,50,"Mirembajtja e Radio-lidhjeve, repetitorit, kamerave dhe pajisjeve tjera teknike",21.03.17,,,22.05.17,,,,15,1,,0,,,,,,,"60,000.00",1,1,1,,,Proffesional alarm,01.06.17,12 muaj,,"55,170.00",,0,,,,,,0,,,"43,000.00",Sh.p,,,
,,23,2,1,1,50,"Ingjizimet gjeodezike per zonat ,Tophane,Kolovicë dhe Prishtina e Re -Zona Qender ",03.03.17,,,28.07.17,,,,38,8,,5,,,,,,,"150,000.00",1,1,1,,,Geo Map,17.08.17,120 dite,,"88,888.79",,0,,,,,,0,,,"40,000.00",Ekonomia,,,
,,24,1,2,1,25,Furnizim me inventar per qerdhe,24.03.17,,,22.05.17,,,,27,2,,0,,,,,,,"35,000.00",1,1,1,,,Burimi Dekor,05.06.17,45 dite,,"34,495.00",,0,,,,,,0,,,"34,495.00",Arsimi,,,
,,25,2,2,1,28,"Organizimi dhe manifestimet kulturore, rinore dhe sportive",29.03.17,,,18.05.17,,,,15,6,,1,,,,,,,"50,000.00",1,1,1,,,AMC LOT I,03.05.17,12 muaj ,,"46,450.00",,0,,,,,,0,,,"23,000.00",Kultura,,,
,1+2,26,5,2,1,45,Ndertimi I rruges Prishtine - Sinidoll - Bernice e eperme - Bardhosh,20.03.17,,,26.05.17,,,,70,23,,0,,,,,,,"499,491.91",1,1,1,,,Bashkimi ,12.06.17,120 dite,31.12.17,"343,167.00",,0,,,,,,0,,,"200,000.00",Investime,,,
,,27,1,2,1,36,"Furnizimi me radio dore dhe paisje tjera për radio dore:bateri,antenë,mikrofon dore mbushës dhe varëse",24.04.17,,,31.05.17,,,,17,3,,0,,,,,,,"35,000.00",1,1,1,,,BOTEK,12.06.17,60 dite,12.08.17,"31,920.00",,0,,,,,,0,,,"31,920.00",Sh.p,,,
,,28,2,2,1,92,Art në hapësira publike Lloto I,04.04.17,,,18.05.17,,,,12,2,,0,,,,,,,"49,968.00",1,1,1,,,Niti-N,01.06.17,12 muaj,,"13,357.60",,0,,,,,,0,,,"6,300.00",Kultura,,,
,,28,2,2,1,92,Art në hapësira publike Lloto II,04.04.17,,,18.05.17,,,,12,2,,0,,,,,,,"49,968.00",1,1,1,,,Light and More & Global-Ing,01.06.17,12 muaj,,"19,090.63",,0,,,,,,0,,,"8,100.00",Kultura,,,
,1+2,29,1,2,1,36,Furnizimi dhe montimi I xhamave ne shkolla dhe Institucione tjera komunale ,04.04.17,,,25.05.17,,,,11,4,,0,,,,,,,"70,000.00",1,1,1,,,Termoplast ,08.06.17,12 muaj,,"54,780.00",,0,,,,,,0,,,"6,722.00",Arsimi,,,
,,30,2,2,1,93,"Hartimi i projekteve te vogla dhe te mesme per objekte te reja, rikonstruim, adaptim dhe mirembajtje",11.04.17,,,15.06.17,,,,51,8,,0,,,,,,,"100,000.00",1,1,1,,,Arhiko Ing,29.06.17,12 muaj,,"38,881.00",,0,,,,,,0,,,"4,585.00",Investime,,,
,,31,5,3,5,45,Ndertimi I murit beton arme ne projektin Bllok pas Blloku,03.05.17,,,23.05.17,,,,1,1,,0,,,,,,,"10,340.00",1,1,1,,,Vision Projekt,29.05.17,15 dite,15.06.17,"10,340.00",,0,,,,,,0,,,"10,340.00",Investime,,,
,,32,5,2,1,45,Renovimi I Teatrit Dodona ,18.04.17,,,14.06.17,,,,81,19,,1,,,,,,,"128,617.44",1,1,1,,,ERO PROJECT  SH.P.K.,29.06.17,90 dite,15.10.17,"57,284.72",,0,,,,,,0,,,"57,284.72",Investime,,,
,,33,2,1,1,74,Pastrimi i objekteve shëndetsore,20.04.17,,,13.09.17,,,,19,6,,0,,,,,,,"940,000.00",1,1,1,,,SCHAFBERGER JR.GMBH;  ERIK  SH.P.K.; KRASNIQI,26.09.17,36 muaj,,"19,380.68",,,,,,,,0,,,"77,520.00",Shendetsia,,,
,,34,1,2,1,34,Furnizim me dy autoambulanca per QMU,20.04.17,,,21.06.17,,,,17,2,,0,,,,,,,"120,000.00",1,1,1,,,Mercom,10.07.17,90 dite,04.11.17,"103,996.00",,0,,,,,,0,,,"103,996.00",Shendetsia,,,
,,35,1,3,6,36,Furnizim me ujë për aktivitete të ndryshme nga DKA,27.04.17,,,07.06.17,,,,3,2,,0,,,,,,,"5,000.00",1,1,1,,,Adea Group,20.06.17,12 muaj,,"2,500.00",,0,,,,,,0,,,"2,500.00",Arsimi,,,
,,36,2,3,6,60,Transporti I nxënësve dhe arsimtarëve,04.04.17,,,22.05.17,,,,6,3,,0,,,,,,,"9,500.00",1,1,1,,,Arditi Tours,29.05.17,12 muaj,,"7,210.00",,0,,,,,,0,,,"4,588.00",Arsimi,,,
,,37,2,2,1,24,Dezinfektimi dhe deratizimi i objekteve shendetsore ,12.05.17,,,22.06.17,,,,9,1,,0,,,,,,,"50,460.00",1,1,1,,,Eko DDD,29.06.17,6 muaj,,"29,771.40",,0,,,,,,0,,,"29,771.40",Shendetsia,,,
,1+2,38,1,1,1,33,Furnizimi me pajisje mjekesore per nevojat e QKMF dhe QMU,28.04.17,,,11.08.17,,,,30,3,,2,,,,,,,"220,000.00",1,1,1,,,Konti,04.09.17,120 dite,,"151,419.00",,0,,,,,,0,,,"151,418.00",Shendetsia,,,
,,39,1,3,,36,Furnizimi me topa I shkollave ,30.03.17,,,11.07.17,,,,10,8,,3,,,,,,,"9,500.00",1,1,1,,,Blendi,18.07.17,60 dite,18.09.17,"5,295.00",,0,,,,,,0,,,"5,295.00",Arsimi,,,
,,40,5,3,6,45,Riparimi dhe Furnizimi me inventar për tri zyre në objektin e vjetër të Komunës,03.05.17,,,09.06.17,,,,18,5,,0,,,,,,,"9,890.00",1,1,1,,,Genkor,20.06.17,90 dite,20.09.17,"9,680.49",,0,,,,,,0,,,"9,680.49",Administrata,,,
,,42,5,2,1,45,Rregullimi I oborrit te objekteve ne banim social ne Hajvali,12.05.17,,,13.07.17,,,,71,15,,12,,,,,,,"274,172.40",1,1,1,,,Delta Ing,14.08.17,90 dite,,"196,579.09",,0,,,,,,0,,,"150,000.00",Investime,,,
,1+2,43,5,2,1,45,Trajtimi I mbetjeve ndertimore ,12.05.17,,,10.07.17,,,,25,5,,0,,,,,,,"150,000.00",1,1,1,,,Dardania,25.07.17,12 muaj,,"32,600.00",,0,,,,,,0,,,"32,600.00",Sh.p,,,
,,45,1,2,1,36,Furnizime për zyre me materiale të shtypura dhe materiale tjera,18.05.17,,,11.07.17,,,,14,6,,3,,,,,,,"57,000.00",1,1,1,,,NTG Blendi,24.07.17,12 muaj,,"38,971.00",,0,,,,,,0,,,"38,971.00",Administrata,,,
,1+2,46,5,2,1,45,"Ndërtimi i disa rrugicave me kubza betoni ne Shkabaj, Kalabri dhe Prishtinë",22.05.17,,,24.07.17,,,,47,10,,0,,,,,,,"278,325.60",1,1,1,,,Pro&Co group ,07.08.17,120 dite,,"199,837.39",,0,,,,,,0,,,"100,000.00",Investime,,,
,,47,5,1,1,45,Ndertimi I rruges Richard Holbrook krahu 1 dhe 2,19.05.17,,,23.08.17,,,,61,18,,7,,,,,,,"980,098.68",1,1,1,,,Toifor,08.09.17,250 dite,,"470,047.05",,0,,,,,,0,,,0,Investime,,,
,,49,5,2,1,45,Ndërtimi i rrugeve  ne Prapashticë-  Lagja Fanaj dhe Lagja Balaj,22.05.17,,,25.07.17,,,,12,9,,1,,,,,,,"457,071.33",1,1,1,,,Gashi In,16.08.17,120 dite,,"332,798.70",,0,,,,,,0,,,"200,000.00",Investime,,,
,,50,1,2,1,15,furnizim me artikuj ushqimore,25.05.17,,,06.06.17,,,,1,1,,0,,,,,,,"50,000.00",1,1,1,,,Hajdini,09.06.17,60 dite,09.08.17,"47,244.00",,0,,,,,,0,,,"47,244.00",Arsimi,,,
,,51,1,2,1,36,Invertarizimi I çerdhes ne Topahne,23.05.17,,,25.07.17,,,,23,2,,1,,,,,,,"65,000.00",1,1,1,,,MALI-I ; N.T.P.  VLORA,18.08.17,60 dite,18.10.17,"57,830.35",,0,,,,,,0,,,"57,830.35",Arsimi,,,
,,52,2,2,1,36,Furnizimi i biblotekes KomunaleHivzi Sulejmani perfshire deget e saj me tituj te ndryshem shkencor,18.07.17,,,05.09.17,,,,6,1,,0,,,,,,,"50,000.00",1,1,1,,,Artini,18.09.17,90 dite,,"49,901.00",,0,,,,,,0,,,"35,000.00",Kultura,,,
,,53,5,2,1,45,Ndertimi I rruges ne fshatin Hajkobill - lagja Taliri ,12.10.17,,,20.11.17,,,,35,7,,0,,,,,,,"112,536.29",1,1,1,,,NTP Bashkimi,30.11.17,60 ditë,,"70,153.05",,0,,,,,,0,,,0,Investime,,,
,,54,1,2,1,36,Furnizimi me makineri dhe paisje Faza III,24.05.17,,,17.07.17,,,,28,3,,1,,,,,,,"100,000.00",1,1,1,,,AGRI BAU,15.08.17,90 dite,15.11.17,"93,900.00",,0,,,,,,0,,,"93,900.00",Sh.p,,,
,,55,2,3,6,93,Sherbime kontraktuese per nevojat emergjente te inspeksionit ,24.05.17,,,28.06.17,,,,3,3,,1,,,,,,,"9,900.00",1,1,1,,,Murseli,15.11.17,30 dite,,"8,310.00",,0,,,,,,0,,,0,Inspeksioni,,,
,,56,5,2,1,45,Vendosja rrjetave ne dritare te çerdheve per mbrojtjen nga insektet dhe disa renovime te objekteve te institucioneve parashkollore ,07.08.17,,,14.09.17,,,,31,4,,3,,,,,,,"50,000.00",1,1,1,,,Bereqeti-Ing,27.09.17,12 muaj,,"34,999.90",,0,,,,,,0,,,"20,000.00",Arsimi,,,
,,57,2,2,1,93,Kontrollimi teknik I automjeteve ,24.05.17,,,17.07.17,,,,6,3,,0,,,,,,,"25,000.00",1,1,1,,,Reforma  ,03.08.17,36 muaj,,"3,280.00",,0,,,,,,0,,,"2,757.00",Administrata,,,
,,58,1,2,1,36,Furnizim me pajisje dhe material higjienik për Institucionet Kulturore,19.07.17,,,21.09.17,,,,10,3,,0,,,,,,,"10,500.00",1,1,1,,,A&B Market,27.09.17,12 muaj,,"1,353.76",,0,,,,,,0,,,500,Administrata,,,
,,59,5,2,1,45,Sigurimi i terenit për ndërtimin e fushës së futbollit në Hajvali me pilota Beton Arme,30.05.17,,,21.07.17,,,,32,4,,0,,,,,,,"133,060.37",1,1,1,,,Grup i Operatorëve Ekonomik: ''Vision Capital Partners'' SH.P.K.;  Conex,02.08.17,60 ditë,02.10.17,"94,002.70",,0,,,,,,0,,,"94,002.70",Investime,,,
,,60,5,2,1,45,Ndertimi I rrugeve me kubeza betoni ne HAJVALI,02.06.17,,,23.08.17,,,,48,10,,1,,,,,,,"496,550.76",1,1,1,,,Rexha Com,08.09.17,120 dite,,"359,351.97",,0,,,,,,0,,,"200,000.00",Invetsime,,,
,,61,1,2,1,36,Blerja e baterive per kerkim -shpetimi per stafin operative te BPZ-se -Prishtinë,31.05.17,,,15.08.17,,,,17,3,,1,,,,,,,"30,000.00",1,1,1,,,SODEX,05.09.17,60 dite,11.11.17,"27,542.50",,0,,,,,,0,,,"27,542.50",Sherbime Pub,,,
,,62,5,2,1,45,"Riparimi, larja, pastrimi i fontanave, krojeve, monumenteve - kontrate kornizë 36 muaj",31.05.17,,,10.07.17,,,,21,2,,0,,,,,,,"25,000.00",1,1,1,,, NITI - N  SH.P.K.,27.07.17,36 muaj,,"12,654.72",,0,,,,,,0,,,"4,200.00",sherbime Pub,,,
,1+2,65,5,2,1,45,Rikonstruimi dhe gelqerosja e shkollave dhe istitucioneve tjera,31.05.17,,,26.07.17,,,,51,7,,3,,,,,,,"100,000.00",1,1,1,,,Ulpiana,14.08.17,12 muaj,,"65,823.00",,0,,,,,,0,,,"30,000.00",Arsimi,,,
,1+2,66,5,2,1,74,"Pastrimi i objekteve të Komunës së Prishtinës - objektet e Brigadës së zjarrëfikësve, objektet në parkun Gërmia dhe objektet tjera sipas kërkesës",05.06.17,,,14.07.17,,,,34,3,,0,,,,,,,"19,000.00",1,1,1,,,A&B Group sh.p.k.,09.08.17,36 muaj,,"10,000.00",,0,,,,,,0,,,"4,900.00",Administrata,,,
,1+2,69,1,3,6,30,Furnizim me paisje të IT për nevoja të digjitalizimit të inspekcionit,09.06.17,,,11.08.17,,,,6,1,,0,,,,,,,"6,000.00",1,1,1,,,IT Market,23.08.17,60 dite ,23.10.17,"5,292.00",,0,,,,,,0,,,"5,292.00",Administrata,,,
,1+2,70,1,2,1,36,Furnizimi me invertarë per shkollën ne lagjen Arberia,09.06.17,,,05.09.17,,,,25,1,,1,,,,,,,"110,000.00",1,1,1,,,MALI-I ; N.T.P,20.09.17,90 dite,10.12.17,"104,453.00",,0,,,,,,0,,,"104,453.00",Arsimi,,,
,1+2,71,2,1,1,45,Rregullimi dhe mirembajtja e ashensoreve,12.06.17,,,19.09.17,,,,9,4,,2,,,,,,,"130,000.00",1,1,1,,,Rima enginiering,12.10.17,12 muaj,,"115,789.35",,0,,,,,,0,,,"15,000.00",Sh.p,,,
,1+2,72,5,2,1,45,Ndertimi I rruges ne fshatin Barilevë,12.06.17,,,23.08.17,,,,52,13,,1,,,,,,,"499,171.73",1,1,1,,,Sopi,08.09.17,90 dite,,"324,457.38",,0,,,,,,0,,,"100,000.00",Investime,,,
,1+2,74,5,2,1,45,Ndërtimi i Kanalizimit Besi - Barilevë - Lebanë - Kodër e Trimave,13.06.17,,,07.08.17,,,,55,9,,6,,,,,,,"269,998.90",1,1,1,,,Grup i Operatorëve Ekonomik:  Kema - Company  Sh.p.k.; N.SH.P  Dimi - Bau,18.08.17,90 ditë,,"196,675.20",,0,,,,,,0,,,"100,000.00",Investime,,,
,1+2,75,5,2,1,45,"Ndërtimi i disa rrugëve me kubza betoni ne Veternik, Kalabri dhe Hajvali",14.06.17,,,11.08.17,,,,64,12,,4,,,,,,,"465,739.29",1,1,1,,,Gashi Ing,13.09.17,120 dite,,"325,648.00",,0,,,,,,0,,,"150,000.00",Investime,,,
,,77,1,2,1,36,Furnizimi i bibliotekave shkollore me libra,21.06.17,,,10.08.17,,,,13,3,,1,,,,,,,"50,000.00",1,1,1,,,"NTP,,Artini ",18.08.17,60 ditë,,"37,442.25",,0,,,,,,0,,,"37,442.25",Arsimi,,,
,,78,2,2,1,93,Trajtimi I kafsheve endacake ne qytetin e Prishtines ,29.05.17,,,03.11.17,,,,13,1,,0,,,,,,,"50,000.00",1,1,1,,,QTK,22.11.17,36 muaj,,"47,090.00",,0,,,,,,0,,,"7,000.00",Sh.p,,,
,1+2,76,1,2,1,30,Paisjet teknologjike për objektete komunale dhe te bashkesisë lokale - Ritenderim (OE fitues per llotot II),21.06.17,,,11.10.17,,,,41,10,,0,,,,,,,"80,000.00",1,1,1,,,Europrinty,07.11.17,60 dite,,"20,750.00",,0,,,,,,0,,,0,Administrata,,,
,1+2,79,1,2,1,36,Furnizimi me inventar i ankesit të shkollës Faik Konica,11.09.17,,,09.10.17,,,,36,4,,1,,,,,,,"60,000.00",1,1,1,,,Metali,20.10.17,60 ditë,20.12.17,"51,505.00",,0,,,,,,0,,,"51,505.00",Arsimi,,,
,1+2,80,1,2,1,18,"Furnizim me uniforma(mantilla, pantollona dhe kllompe) per personelin shendetsor",28.06.17,,,15.08.17,,,,29,4,,0,,,,,,,"17,000.00",1,1,1,,,Alma,28.08.17,36 muaj,,"15,410.00",,0,,,,,,0,,,"5,150.00",Shendetsia,,,
,1+2,81,2,1,1,74,"Pastrimi I objekteve te shkollave filloreGjergj Fishta,Ismajl Qemajli, Asim Vokshi etj",07.07.17,,,13.09.17,,,,46,9,,4,,,,,,,"340,000.00",1,1,1,,,MSS,,12 muaj,,"320,747.52",,0,,,,,,0,,,0,Arsimi,,,
,1+2,82,5,2,1,45,Ndertimi I mureve mbrojtese,30.06.17,,,04.10.17,,,,35,10,,1,,,,,,,"223,236.37",1,1,1,,,Mel Engginering,19.10.17,12 muaj,,"169,950.49",,0,,,,,,0,,,"169,950.49",Investime,,,
,1+2,83,5,2,1,45,Punet e paparapara te objekti Ndertimi I qerdhes ne Kodren e Trimave,10.07.17,,,15.08.17,,,,40,2,,1,,,,,,,"100,000.00",1,1,1,,,Kompania Prishtina,12.09.17,30 dite,12.10.17,"94,222.00",,0,,,,,,0,,,"94,222.00",Arsimi,,,
,1+2,84,1,2,1,2,Furnizim me dru,17.07.17,,,16.08.17,,,,14,2,,0,,,,,,,"48,000.00",1,1,1,,,Buzhgegu,29.08.17,12 muaj,,"50,600.00",,0,,,,,,0,,,"50,600.00",Arsimi,,,
,1+2,85,1,2,1,36,Furnizim me pelet,17.07.17,,,18.08.17,,,,22,3,,2,,,,,,,"44,000.00",1,1,1,,,N.T.P.''GRESA - COMMERCE '',28.08.17,12 muaj,,"45,843.00",,0,,,,,,0,,,"20,000.00",Arsimi,,,
,1+2,86,5,2,1,45,Ndertimi i disa rrugeve ne  lagjen Sofali -  Komuna e Prishtines,06.07.17,,,07.09.17,,,,39,7,,2,,,,,,,"490,532.52",1,1,1,,,Kema Company,26.09.17,150 dite,,"279,471.68",,0,,,,,,0,,,"100,000.00",Infrastrukture,,,
,1+2,87,5,2,1,45,Ndertimi I rrugeve dhe I kanalizimit fekal dhe atmosferik ne krahun e djathte dhe te majte te rruges Bajram Bahtiri ne Prishtine,10.07.17,,,19.09.17,,,,40,11,,5,,,,,,,"491,146.46",1,1,1,,,Gerlica ,02.10.17,120 dite,,"286,655.32",,0,,,,,,0,,,"100,000.00",Investime,,,
,1+2,88,5,2,1,45,Riparimi I objekteve te Bashkesive lokale ,19.06.17,,,21.09.17,,,,53,20,,0,,,,,,,"472,000.00",1,1,1,,,Tribuna,03.10.17,90 dite,,"41,723.72",,0,,,,,,0,,,"10,000.00",Administrata,,,
,,90,5,2,1,45,"Ndertimi i kolektorit ne Hajvali , lagja vitiali",21.07.17,,,31.10.17,,,,47,6,,0,,,,,,,"261,660.00",1,1,1,,,Teuta& Jerliu,30.11.17,90 dite,,"222,120.00",,0,,,,,,0,,,"50,000.00",Investime,,,
,1+2,93,5,2,1,45,"Ndërtimi i rrugëve ne Makovc-lagja Balaj dhe Grashticë e Epërme lagja Musaj, Rexhaj dhe Obzovik",25.07.17,,,12.10.17,,,,49,10,,5,,,,,,,"315,370.87",1,1,1,,,Gerlica ,12.12.17,120 dite,,"207,000.00",,0,,,,,,0,,,"50,000.00",Investime,,,
,1+2,94,5,2,1,45,Ndërtimi i kanalizimit fekal dhe atmosferik në rrugën Fehmi Agani & Hajdar Dushi si dhendërtimi i ujësjellësit në rrugën Fehmi Agani - Prishtinë.,09.10.17,,,30.11.17,,,,38,8,,0,,,,,,,"483,010.63",1,1,1,,,Noti-Beton,12.12.17,60 ditë,,"348,679.20",,0,,,,,,0,,,0,Investime,,,
,1+2,95,5,2,1,45,"Rregullimi i rrugeveReshat Maliqi , 27 Nentori dhe te trafoja si dhe rregullimi i infrastruktures ne rruget Aziz Kelmendi,'Malush Kosova ",11.08.17,,,06.10.17,,,,40,7,,4,,,,,,,"499,917.26",1,1,1,,,Kema Company,24.10.17,150 dite,,"341,901.86",,0,,,,,,0,,,"150,000.00",Infrastrukture,,,
,1+2,96,2,2,1,60,Transporti i nxënësve dhe arsimtarëve Lloto 1 - Prishtinë-Komuna - Teatri--Hajvali-Kishnice -Sutesske-Mramur  sasia 52 km,26.07.17,,,11.09.17,,,,13,3,,0,,,,,,,"10,000.00",1,1,1,,,Tempo Trans,21.09.17,12 muaj,,"5,180.00",,0,,,,,,0,,,"1,040.00",Arsimi,,,
,1+2,97,1,3,6,36,"Furnizimi me ID kartela dhe pajisje tjera teknike për printim, si dhe pajisje tjera teknike për Komunë dhe Shkolla",26.07.17,,,22.09.17,,,,1,1,,0,,,,,,,"10,000.00",1,1,1,,,EuroPrinty,02.10.17,30 ditë,,"7,032.00",,0,,,,,,0,,,"7,032.00",Furnizim,,,
,1+2,88,5,2,1,45,Riparimi I objekteve te Bashkesive lokale ,19.06.17,,,21.09.17,,,,53,20,,0,,,,,,,"472,000.00",1,1,1,,,ENGORUP,03.10.17,90 dite,,"42,819.57",,0,,,,,,0,,,"10,000.00",Administrata,,,
,1+2,88,5,2,1,45,Riparimi I objekteve te Bashkesive lokale ,19.06.17,,,21.09.17,,,,53,20,,0,,,,,,,"472,000.00",1,1,1,,,ARHIKO&BEGAJ ,03.10.17,90 dite,,"57,206.61",,0,,,,,,0,,,"10,000.00",Administrata,,,
,1+2,88,5,2,1,45,Riparimi I objekteve te Bashkesive lokale ,19.06.17,,,21.09.17,,,,53,20,,2,,,,,,,"472,000.00",1,1,1,,,ACON&ALFA ING,03.10.17,90 dite,,"96,685.55",,0,,,,,,0,,,"40,000.00",Administrata,,,
,1+2,88,5,2,1,45,Riparimi I objekteve te Bashkesive lokale ,19.06.17,,,21.09.17,,,,53,20,,0,,,,,,,"472,000.00",1,1,1,,,ALGROUP,03.10.17,90 dite,,"72,275.36",,0,,,,,,0,,,"40,000.00",Administrata,,,
,1+2,96,2,2,1,60,Transporti i nxënësve dhe arsimtarëve Lloto 2 - Nishec -Keqekolle - sasia 18,26.07.17,,,11.09.17,,,,13,1,,0,,,,,,,"6,800.00",1,1,1,,,Besim Brahimi,21.09.17,12 muaj,,"7,215.00",,0,,,,,,0,,,"1,450.00",Arsimi,,,
,1+2,96,2,2,1,60,Transporti i nxënësve dhe arsimtarëve  Lloto 3 - Prishtinë-Hani Dilit-Llukar- Udh.-Stallove-Koliq –Podaj sasia 50km,26.07.17,,,11.09.17,,,,13,1,,0,,,,,,,"10,000.00",1,1,1,,,Musli Ahmeti,21.09.17,12 muaj,,"13,320.00",,0,,,,,,0,,,"2,700.00",Arsimi,,,
,1+2,96,2,2,1,60,Transporti i nxënësve dhe arsimtarëve Lloto 4 - Lagjeja Zllashë-Shkollë ( Fan Noli- Marec) dhe ansjelltas-  sasia 8.2km,26.07.17,,,11.09.17,,,,13,2,,0,,,,,,,"4,800.00",1,1,1,,,Tempo Trans,21.09.17,12 muaj,,"9,250.00",,0,,,,,,0,,,"1,900.00",Arsimi,,,
,,96,2,2,1,60,Transporti i nxënësve dhe arsimtarëve Lloto 5 - Prishtinë-Viti-Bullaj dhe anasjelltas -sasia 78km,26.07.17,,,11.09.17,,,,13,1,,0,,,,,,,"22,900.00",1,1,1,,,Sherif Vitija,21.09.17,12 muaj,,"18,500.00",,0,,,,,,0,,,"3,900.00",Arsimi,,,
,,96,2,2,1,60,Transporti i nxënësve dhe arsimtarëve lloto 6 - Prishtinë-Prapashticë-Balaj-Dabishevce-Hajkobille-Gllogovbice dhe anasjelltas sasia - 90km,26.07.17,,,11.09.17,,,,13,1,,0,,,,,,,"20,500.00",1,1,1,,,Simolli,21.09.17,12 muaj,,"23,495.00",,0,,,,,,0,,,"4,700.00",Arsimi,,,
,,96,2,2,1,60,Transporti i nxënësve dhe arsimtarëve Lloto 7 - Prishtinë - Ballaban - sasia 84 km,26.07.17,,,11.09.17,,,,13,1,,0,,,,,,,"13,000.00",1,1,1,,,Kobra,21.09.17,12 muaj,,"13,875.00",,0,,,,,,0,,,"2,750.00",Arsimi,,,
,,99,1,2,1,33,Furnizim me invantare per institucionet shendetesore dhe sociale,06.07.17,,,15.09.17,,,,18,2,,0,,,,,,,"60,000.00",1,1,1,,,Madekos,19.12.17,90 dite,,"57,945.00",,0,,,,,,0,,,0,Shendetesi,,,
,,100,5,2,1,45,Ndertimi i kanalizimeve fekale dhe atmosferike ne territorine Komune se Perishtiens,28.07.17,,,08.11.17,,,,48,8,,0,,,,,,,"485,395.71",1,1,1,,,Noti beton,30.11.17,12 muaj,,"355,555.55",,0,,,,,,0,,,0,Infrastrukture,,,
,,103,5,2,1,45,Ndertimi  i disa rrugeve me kubeza betoni ne fshatin Prugovc,11.08.17,,,06.10.17,,,,40,9,,2,,,,,,,"499,889.52",1,1,1,,,Gerlica Company,23.10.17,90 dite,,"329,112.15",,0,,,,,,0,,,"50,000.00",Infrastukture,,,
,,104,2,2,1,36,"Qmontimi, furnizimi dhe montimi i radiatoreve ne objektin e  qendres kulturore dhe social per te moshuar ish QMF dhe QMF III",10.08.17,,,19.09.17,,,,9,5,,0,,,,,,,"9,999.00",1,1,1,,,Termovision,29.09.17,30 dite,10.11.17,"8,844.45",,0,,,,,,0,,,"8,844.45",Shendetsia,,,
,,105,5,2,1,45,Rregullimi i pompave per furnizimin me uje per ndertesat kolektive,12.06.17,,,02.11.17,,,,18,4,,1,,,,,,,"50,000.00",1,1,1,,,Light and More & Global-Ing,17.11.17,12 muaj,,"34,210.00",,0,,,,,,0,,,"3,500.00",Sherbime publike,,,
,,106,5,2,1,45,"Ndërtimi i Infrastrukturës në disa rrugë të fshatit Sinidoll, Bardhosh, Bërnicë dhe Kodra e Trimave - Prishtinë",13.09.17,,,25.10.17,,,,51,11,,1,,,,,,,"433,649.00",1,1,1,,,Gashi - Ing,16.11.17,120 ditë,,"283,470.50",,0,,,,,,0,,,"50,000.00",Investime,,,
,,107,5,3,6,45,Riparimi dhe vendosja e Rampave,09.10.17,,,01.11.17,,,,2,2,,0,,,,,,,"9,748.43",1,1,1,,,Ndërtimtari,07.11.17,60 ditë,,"8,846.28",,0,,,,,,0,,,"8,300.00",Investime,,,
,,108,2,2,1,74,"Pastrimi i objekteve shkollore-  ''Abdyl Frasheri'',''7 Shtatori'', '' Prenk Jakova'',''Eqrem Qabej'',''Hoxhë Kadri Prishtina'',''Gjimnazi Matematikor'', dhe shkolla'' Model''",07.09.17,,,17.10.17,,,,28,7,,3,,,,,,,"158,000.00",1,1,1,,,Beni,20.11.17,12 muaj,,"142,326.00",,0,,,,,,0,,,"12,000.00",Arsim,,,
,1+2,109,5,2,1,45,Shpimi I puseve dhe montimi I pompave per puse ne qytetin e prishtines ,10.07.17,,,27.10.17,,,,19,1,,0,,,,,,,"100,000.00",1,1,1,,,Niti-N,15.11.17,12 muaj,,"100,000.00",,0,,,,,,0,,,"7,354.00",Sh.p,,,
,1+2,110,5,2,1,45,Sanimi i Dyshemesë urbane të Sheshit Adem Jashari - Prishtinë,08.09.17,,,05.10.17,,,,38,2,,1,,,,,,,"331,420.95",1,1,1,,,Rexhash.p.k.,25.10.17,90 ditë,,"311,853.00",,0,,,,,,0,,,0,Investime,,,
,1+2,112,5,2,5,45,Pune shtese-Ndertimi I stadionit te futbollit ne Hajvali,08.09.17,,,05.10.17,,,,1,1,,0,,,,,,,"40,341.40",1,1,1,,,Vision capital&conex group,12.10.17,30 dite,12.11.17,"40,341.40",,0,,,,,,0,,,"40,341.40",DIKMK,,,
,1+2,113,5,2,1,45,"Ndertimi I kanalizimit fekal tek Rezonanca, kanalizimit atmosferik si dhe ujesjellesit ne rrugen Bedri Pejani&Andrea Gropa, ndertimi I kanalizimit fekal dhe kanalizimit atmosferik ne rrugen MetoBajraktari&Cajupi",14.09.17,,,27.10.17,,,,31,3,,2,,,,,,,"211,438.94",1,1,1,,,Gashi Ing,09.11.17,90 dite,,"191,687.46",,0,,,,,,0,,,0,DIKMK,,,
,1+2,115,5,2,5,45,Ndertimi I salles se edukates fizike ne Barilevë,11.08.17,,,15.09.17,,,,1,1,,0,,,,,,,"14,429.70",1,1,1,,,Olti trasing ,27.09.17,60 dite,27.11.17,"14,429.70",,0,,,,,,0,,,"14,429.70",Arsim,,,
,1+2,117,5,2,1,45,Sanimi I gropave dhe deformimeve te shtresave të asfaltit në rrugët dhe trotuaret në Komunen e Prishtines  ,28.08.17,,,23.10.17,,,,43,8,,2,,,,,,,"499,200.00",1,1,1,,,Toifor,08.11.17,12 muaj ,,"327,550.00",,0,,,,,,0,,,"65,999.00",Investime,,,
,1+2,118,1,2,1,36,"Ndertimi I semaforeve , instalimi I paisjeve  moderne ne pikat semaforike per funksionimin dhe rregullimin e komunikacionit ne udhekryqe te qytetit",19.09.17,,,27.11.17,,,,21,1,,1,,,,,,,"100,000.00",1,1,1,,,Ekoinvest,13.12.17,60 dite,,"99,350.00",,0,,,,,,0,,,0,Sherb publike,,,
,1+2,119,5,2,1,45,Zgjerim dhe modernizimi I ndriqimit publike per vitin 2017-Faza II,20.09.17,,,17.11.17,,,,35,10,,5,,,,,,,"140,000.00",1,1,1,,,Risamont,07.12.17,12 muaj,,"98,439.50",,0,,,,,,0,,,"17,000.00",Sherb publike,,,
,1+2,124,5,2,5,93,Trajtimi I qenve endacak ,02.10.17,,,05.10.17,,,,1,1,,0,,,,,,,"30,000.00",1,1,1,,,QTK,06.10.17,12 muaj,,"30,000.00",,0,,,,,,0,,,"25,000.00",Sh.p,,,
,1+2,125,1,3,5,28,Furnizimi me inventar per institucionet arsimore ,16.09.17,,,06.10.17,,,,1,1,,0,,,,,,,"3,965.98",1,1,1,,,Mali-i,23.10.17,90 dite,,"3,965.98",,0,,,,,,0,,,"3,965.98",Arsimi,,,
,1+2,127,5,2,1,45,"Ndërtimi i disa rrugëve me kubza betoni dhe kanalizime në Fshatrat Bardhosh, Bërnicë dhe Milevc",02.10.17,,,13.11.17,,,,34,9,,1,,,,,,,"494,399.99",1,1,1,,, Kema - Company  Sh.p.k.,27.11.17,120 ditë,,"356,499.74",,0,,,,,,0,,,0,DIKMK,,,
,,128,2,2,1,93,Instalimi dhe mirembajtja e ngrohjes qendrore ne shkolla ,22.09.17,,,03.11.17,,,,19,2,,0,,,,,,,"100,000.00",1,1,1,,,Raketa ,16.11.17,90 dite,,"100,000.00",,0,,,,,,0,,,"11,907.07",Arsim,,,
,1+2,133,1,2,1,28,Dekorimi I shesheve me drita dekorative dhe bredha ,02.10.17,,,10.11.17,,,,30,1,,0,,,,,,,"57,940.00",1,1,1,,,Anea,22.11.17,60dite,08.01.18,"57,940.00",,0,,,,,,0,,,"57,940.00",Kultura,,,
,1+2,135,5,2,5,45,Ndertimi I rruges ne fshatin Keqekolle - lagja Kurtaj - pune shtese ,02.10.17,,,20.10.17,,,,6,2,,0,,,,,,,"15,712.83",1,1,1,,,Bashkimi ,31.10.17,120 dite,,"15,712.83",,0,,,,,,0,,,"15,712.83",Investime,,,
,1+2,136,2,2,1,93,Transporti i nxenesve dhe arsimtareve II - lloto 1,02.10.17,,,13.12.17,,,,18,2,,0,,,,,,,"22,300.00",1,1,1,,,Afrim Beka,19.12.17,12 muaj,,"8,880.00",,0,,,,,,0,,,0,Arsim,,,
,,136,2,2,1,93,Transporti i nxenesve dhe arsimtareve II - lloto  2,02.10.17,,,13.12.17,,,,18,3,,0,,,,,,,"8,100.00",1,1,1,,,Musli Ahmeti,19.12.17,12 muaj,,"5,920.00",,0,,,,,,0,,,0,Arsim,,,
,,136,2,2,1,93,Transporti i nxenesve dhe arsimtareve II - llotot 3,02.10.17,,,13.12.17,,,,18,1,,0,,,,,,,"14,508.00",1,1,1,,,Simolli,19.12.17,12 muaj,,"14,430.00",,0,,,,,,0,,,0,Arsim,,,
,,136,2,2,1,93,Transporti i nxenesve dhe arsimtareve II - lloto 4,02.10.17,,,13.12.17,,,,18,1,,0,,,,,,,"14,300.00",1,1,1,,,Simolli,19.12.17,12 muaj,,"14,245.00",,0,,,,,,0,,,0,Arsim,,,
,,136,2,2,1,93,Transporti i nxenesve dhe arsimtareve II - llotto 5,02.10.17,,,13.12.17,,,,18,2,,0,,,,,,,"11,160.00",1,1,1,,,Ismet Krasniqi,19.12.17,12 muaj,,"6,660.00",,0,,,,,,0,,,0,Arsim,,,
,,136,2,2,1,93,Transporti i nxenesve dhe arsimtareve II - lloto 6,02.10.17,,,13.12.17,,,,18,2,,0,,,,,,,"11,200.00",1,1,1,,,Naim Gashi,19.12.17,12 muaj,,"7,955.00",,0,,,,,,0,,,0,Arsim,,,
,,136,2,2,1,93,Transporti i nxenesve dhe arsimtareve II - lloto 7,02.10.17,,,13.12.17,,,,18,3,,0,,,,,,,"14,694.00",1,1,1,,,Ramadan Kllokoqi,19.12.17,12 muaj,,"14,615.00",,0,,,,,,0,,,0,Arsim,,,
,,136,2,2,1,93,Transporti i nxenesve dhe arsimtareve II - llotot 8,02.10.17,,,13.12.17,,,,18,1,,0,,,,,,,"16,800.00",1,1,1,,,Drini,19.12.17,12 muaj,,"15,623.50",,0,,,,,,0,,,0,Arsim,,,
,,136,2,2,1,93,Transporti i nxenesve dhe arsimtareve II - lloto 9,02.10.17,,,13.12.17,,,,18,1,,0,,,,,,,"11,200.00",1,1,1,,,Tini,19.12.17,12 muaj,,"9,157.50",,0,,,,,,0,,,0,Arsim,,,
,,136,2,2,1,93,Transporti i nxenesve dhe arsimtareve II - llotto 10,02.10.17,,,13.12.17,,,,18,1,,0,,,,,,,"12,830.00",1,1,1,,,Simolli,19.12.17,12 muaj,,"12,765.00",,0,,,,,,0,,,0,Arsim,,,
,,136,2,2,1,93,Transporti i nxenesve dhe arsimtareve II - lloto 11,02.10.17,,,13.12.17,,,,18,2,,0,,,,,,,"11,000.00",1,1,1,,,Sherif Vitija,19.12.17,12 muaj,,"9,250.00",,0,,,,,,0,,,0,Arsim,,,
,,136,2,2,1,93,Transporti i nxenesve dhe arsimtareve II - lloto 12,02.10.17,,,13.12.17,,,,18,2,,0,,,,,,,"16,900.00",1,1,1,,,Albing,19.12.17,12 muaj,,"13,875.00",,0,,,,,,0,,,0,Arsim,,,
,,137,5,2,1,45,Sanimi I kanalizimeve fekale primare dhe sekundare ne teritorin e Komunes se Prishtines,17.10.17,,,14.12.17,,,,35,1,,1,,,,,,,"43,072.00",1,1,1,,,EuroFamis,29.12.17,12 muaj,,"38,015.00",,0,,,,,,0,,,0,Investimne,,,
,,144,5,2,1,45,Ndertimi i rrugeve dhe kanalizimit fekal ne rrugen e Ulqinit,29.11.17,,,03.01.18,,,,54,6,,0,,,,,,,"104,134.25",1,1,1,,,NNTPP  Gashi Ing ,30.01.18,120 ditë,,"82,625.13",,0,,,,,,0,,,0,DIKMK,,,
,,1,1,4,7,,Furnizimi me orë dore ,,,,05.11.17,,,,,,,,,,,,,,,,,,,,NTP Ora ,,,,728,,,,,,,,,,,728,,,,
,,2,1,4,7,,Furnizimi me material elekrik,,,,23.01.17,,,,,,,,,,,,,,,,,,,,NTP Pajta,,,,983.3,,,,,,,,,,,983.3,,,,
,,3,1,4,7,,"Furnizimi me material bravarie,sanitar dhe vegla pune",,,,23.01.17,,,,,,,,,,,,,,,,,,,,NTP A * L,,,,979.9,,,,,,,,,,,979.9,,,,
,,4,2,4,7,,Udhetimi i dy personave zyrtar me aeroplan në relacionin Prishtine-Suedi,,,,06.02.17,,,,,,,,,,,,,,,,,,,,NTT Sky-Trav.Club,,,,420,,,,,,,,,,,420,,,,
,,5,2,4,7,,Riabonimi i GPRS 6(gjashte) arka fiskale DP-05 per periudhen  dy vjeqare,,,,09.02.17,,,,,,,,,,,,,,,,,,,,NTSH Enternet,,,,994.98,,,,,,,,,,,994.98,,,,
,,6,1,4,7,,Furnizimi me tepison per zyren e nenkryetarit dhe në Teatrin Dodona,,,,09.02.17,,,,,,,,,,,,,,,,,,,,SHPK Bercom,,,,970.9,,,,,,,,,,,970.9,,,,
,,7,1,4,7,,Furnizimi me projektor per Zyren e Prokurimit - sistemi i E-prokurimit,,,,09.02.17,,,,,,,,,,,,,,,,,,,,NTSHInfoprint,,,,390,,,,,,,,,,,390,,,,
,,8,1,4,7,,Furnizimi me dy arka fiskale,,,,13.02.17,,,,,,,,,,,,,,,,,,,,NTSHEnternet,,,,975.15,,,,,,,,,,,975.15,,,,
,,9,1,4,7,,Furnizimi me material higjeniko-sanitar per nxenesit e komunitetit RAE,,,,13.02.17,,,,,,,,,,,,,,,,,,,,SHPK New Line,,,,991.1,,,,,,,,,,,991.1,,,,
,,10,1,4,7,,Furnizimi me xhamin e pare per autocisternen  me targa  regj.112-KS-258 - BPZ,,,,17.02.17,,,,,,,,,,,,,,,,,,,,Servis Toverlani,,,,490,,,,,,,,,,,490,,,,
,,11,2,4,7,,Mirëmbajtja e rrjetit dhe centralit telefonik për periudhën mars-dhjetor 2017,,,,22.02.17,,,,,,,,,,,,,,,,,,,,Phone TE COM       ,,,,900,,,,,,,,,,,900,,,,
,,14,1,4,7,,Furnizimi dhe montimi i klimave ,,,,31.03.17,,,,,,,,,,,,,,,,,,,,NSH Raketa,,,,800,,,,,,,,,,,800,,,,
,,15,1,4,7,,Furnizimi me buqeta lulesh dhe pisha,,,,14.04.17,,,,,,,,,,,,,,,,,,,,NTP'LulishtjaBuqaj,,,,775,,,,,,,,,,,775,,,,
,,16,1,4,7,,Servisimi i autoveturave Hyndai i 30 ,,,,25.04.17,,,,,,,,,,,,,,,,,,,,SHPK Reforma ,,,,752,,,,,,,,,,,752,,,,
,,17,1,4,7,,Fushata e vetëdijësimit për Ditën Botërore të Mjedisit 05 qershor 2017,,,,25.05.17,,,,,,,,,,,,,,,,,,,,Green Center-Prishtina,,,,944,,,,,,,,,,,944,,,,
,,18,1,4,7,,Furnizimi me flamuj ,,,,25.05.17,,,,,,,,,,,,,,,,,,,,NTG Blendi ,,,,256,,,,,,,,,,,256,,,,
,,19,2,4,7,,Shërbimet e kontrollimit teknik për automjete ,,,,29.05.17,,,,,,,,,,,,,,,,,,,,SHPK Reforma ,,,,750,,,,,,,,,,,750,,,,
,,20,1,4,7,,Serviimi i motorit të Qilerit në Biblotekën e Qytetit Hivzi Sylejmani ,,,,17.07.17,,,,,,,,,,,,,,,,,,,,NSH Raketa,,,,790,,,,,,,,,,,790,,,,
,,21,2,4,7,,Riparimi i gjeneratorit 250 kVA në objektin e Komunës së vjetër ,,,,10.08.17,,,,,,,,,,,,,,,,,,,,SHPK FIDEA-A ,,,,839,,,,,,,,,,,839,,,,
,,22,1,4,7,,Furnizimi me perde - shirit store  dhe veneciane,,,,15.08.17,,,,,,,,,,,,,,,,,,,,Genci Roll ,,,,885.5,,,,,,,,,,,885.5,,,,
,,23,2,4,7,,Servisimi i dy kombibusëve ,,,,28.08.17,,,,,,,,,,,,,,,,,,,,NPSH AGS ,,,,886.5,,,,,,,,,,,886.5,,,,
,,25,1,4,7,,Furnizimi me material higjeniko-sanitar për nxënësit e komunitetit RAE ,,,,19.09.17,,,,,,,,,,,,,,,,,,,,SHPK New - Line,,,,992.8,,,,,,,,,,,992.8,,,,
,,26,2,4,7,,Transporti i fëmijëve për Festivalin e Durrësit,,,,19.09.17,,,,,,,,,,,,,,,,,,,,SHPKShar Travel,,,,795,,,,,,,,,,,795,,,,
,,28,1,4,7,,Furnizimi - qepja me shtof e mobiljeve dhe montimi,,,,09.10.17,,,,,,,,,,,,,,,,,,,,DPZ Roni-Q.A.,,,,350,,,,,,,,,,,350,,,,
,,29,1,4,7,,Furnizimi dhe instalimi i aparatit për regjistrimin e punëtorëve,,,,16.10.17,,,,,,,,,,,,,,,,,,,,SHPK PRO 4 ,,,,439,,,,,,,,,,,439,,,,
,,30,1,4,7,,Sevisimi i komandës së shkallëve hidraulike për Brigadën Profesionale të Zjarrëfikësve ,,,,18.10.17,,,,,,,,,,,,,,,,,,,,DPZ Servis Toverlani ,,,,707.1,,,,,,,,,,,707.1,,,,
,,31,1,4,7,,Furnizimi me mobile - ulëse për BPZ-në Prishtina 2 ,,,,18.10.17,,,,,,,,,,,,,,,,,,,,Mobileri Prishtina ,,,,994,,,,,,,,,,,994,,,,
,,32,1,4,7,,Furnizimi me topa futsal për FC Prishtina Futsal,,,,25.10.17,,,,,,,,,,,,,,,,,,,,NT Sporting ,,,,495,,,,,,,,,,,495,,,,
,,,1,4,7,,Furnizimi me garderobë  me rastin e manifestimit të  Ditës së  Flamurit,,,,22.11.17,,,,,,,,,,,,,,,,,,,,DPZ Haxhere,,,,812,,,,,,,,,,,812,,,,
,,34,1,4,7,,Furnizimi dhe montimi i baterive,,,,23.11.17,,,,,,,,,,,,,,,,,,,,SHPK Fidea-A,,,,810,,,,,,,,,,,810,,,,
,,35,2,4,7,,Furnizimi dhe montimi i sporteleve nga qelqi dhe riparimi i derës në  katin përdhese,,,,13.12.17,,,,,,,,,,,,,,,,,,,,NTP Nesi,,,,960,,,,,,,,,,,960,,,,
,,36,1,4,7,,Ndrrimi komplet i laurës në  hyrjen kryesore te komunës,,,,13.12.17,,,,,,,,,,,,,,,,,,,,Dugagjin - Rudi_Bi,,,,980,,,,,,,,,,,980,,,,
,,37,1,4,7,,Furnizimi me dhurata për Vitin e Ri 2018 për fëmijet e komunitetit RAE,,,,13.12.17,,,,,,,,,,,,,,,,,,,,Beni Dona-Plast,,,,994.5,,,,,,,,,,,994.5,,,,