Të Hyra Vetanake (1) ose  Buxh.i Kons.i Kosovës (2) ose  Donacion (3),Numri rendor i prokurimit,Lloji i prokurimit,Vlera e prokurimit,Vlera e prokurimit,Klasifikimi (2 shifrat e para të FPP),Titulli i aktivitetit të prokurimit,Data e inicimit të aktivitetetit të prokurimit,Data e publikimit të njoftimit për kontratë,Data e publikimit të njoftimit për dhënie të kontratës,Data e nënshkrimit të kontratës ( ne rast anulimi data e njoftimit për anulim),Afatet për implementimin e kontratës (shkruaj daten e fillimit dhe të përfundimit),Data e përmbylljes së kontratës ( data e pranimit të  përkohshëm/preliminar),Vlera e parashikuar e kontratës,"Çmimi i kontratës, duke përfshirë të gjitha taksat etj.","Çmimi i  Aneks kontratës, duke përfshirë të gjitha taksat etj.",Zbritjet nga kontrata për shkak të ndalesave,Çmimi total i paguar për kontratën,Emri i OE të cilit i është dhënë kontrata ,OE  vendor (1) ; Jo vendor (2),Numri i kërkesave për DT dhe numri i ofertave të dorëzuara,,Numri i ofertave të refuzuara (shkruaj vetëm ato me cmimin më të ulët në krahasim me fituesin),Afati kohor normal (1) Afati kohor i shkurtuar (2),Çmimi më i ulët (1) Tenderi ekonomikisht më i favorshëm (2) 
1&2,085,5,2,1,45,Hapja dhe zgjerimi i lumenjve në fshatrat e Komunës së Lipjanit,14.09.2016,10.10.2016,14.11.2016,18.01.2017,03.04.2017 30.11.2017,,"€ 40,000.00","€ 28,330.00","€ 1,670.00",,"€ 30,000.00",Ardi,1.00,20.00,6,1,1,1
2,057,5,2,1,45,Asfaltimi i rrugës brenda fshatit Gadime e Ulët- faza e II ,21.11.2017,27.11.2017,29.11.2017,Aneksi 06.12.2017,,08.12.2017,"€ 11,367.37",,"€ 11,367.37",,"€ 11,367.37",Eskavatori,1.00,1.00,1,0,1,1
1,095,1,2,1,15,Furnizimi me gjëra ushqimore për QEAP- Çerdhja në Lipjan dhe ditëve të shkollës,30.11.2016,19.12.2016,30.01.2016,14.02.2017,14.02.2017 14.02.2020,,"€ 82,473.00","€ 82,473.00",,,"€ 11,263.80",Pashtriku,1.00,3.00,3,0,1,1
2,001,1,3,6,31,Furnizimi me kalorifer elektrik,24.01.2017,27.01.2017,08.02.2017,14.02.2017,14.02.2017 19.02.2017,22.02.2017,"€ 2,000.00","€ 1,573.73",,,"€ 1,573.73", Ntsh Megrant ing,1.00,25.00,5,0,1,1
2,002,1,2,1,33,Furnizimi me material medicional për nevojat e QKMF-së dhe shtëpinë e komuniteteve,27.01.2017,27.01.2017,17.03.2017,29.03.2017,29.03.2017 29.03.2020,,"€ 95,000.00","€ 91,622.35",,,"€ 23,867.83",Ntp Sinorgu Pharmaceuuticals,1.00,23.00,3,0,1,1
2,003,5,2,1,45,Rregullimi i shtratit të lumit në fshatin Banullë,31.01.2017,01.02.2017,13.03.2017,27.03.2017,30.03.2017 26.06.2017,29.09.2017,"€ 65,000.00","€ 63,819.72",,€ 426.01,"€ 63,393.71",Npt Mali Art,1.00,47.00,7,2,1,1
1,004,5,2,1,45,Mirëmbajtja e rrugëve të asfaltuara në Komunën e Lipjanit,30.02.2017,06.02.2017,13.03.2017,28.03.2017,28.03.2017 28.03.2020,,"€ 130,000.00","€ 115,707.50",,,"€ 9,965.00",Nnsh Urban,1.00,28.00,6,1,1,1
1,005,1,3,6,1,"Furnizimi me farëra, herbicide dhe material tjetër për mbjellje pranverore dhe vjeshtore-ritenderim",02.02.2017,24.03.2017,12.04.2017,25.04.2017,25.04.2017 16.10.2017,23.10.2017,"€ 7,700.00","€ 6,390.00",,,"€ 6,390.00",Semenrarna,1.00,5.00,2,0,1,1
2,006,2,2,1,60,"Transporti i nxënësve të SHFMU ""Zenel Hajdini"" Gadime në relacionin Vrellë- Gadime dhe anasjelltas",02.02.2017,02.02.2017,08.03.2017,27.03.2017,28.03.2017 30.06.2019 ,,"€ 11,215.13","€ 11,187.20",,,"€ 2,457.55",Kombi taxi Venhar Agushi,1.00,5.00,2,0,1,1
1,007,5,2,1,45,Ndërtimi i rrjetit të kanalizimit në Fshatin Mirenë faza e dyte,06.02.2017,03.03.2017,25.04.2017,08.05.2017 Aneksi 28.06.2017,11.05.2017 10.07.2017,21.08.2017,"€ 25,000.00","€ 23,405.50","€ 1,594.50",,"€ 24,999.73",Xhema com,1.00,15.00,3,0,1,1
1,007,1,3,5,,Furnizimi me kalldajë me kapacitet 350 kw,02.02.2017,02.02.2017,,06.02.2017,,24.02.2017,"€ 9,000.00","€ 8,845.15",,,"€ 8,845.15",Elektro system,1.00,1.00,1,0,2,1
2,008,5,2,1,45,Rregullimi i shtratit të lumit në Gadime të Ulët dhe Gadime të Epërme,10.02.2017,10.02.2017,14.03.2017,27.03.2017,30.03.2017 27.05.2017,06.06.2017,"€ 35,000.00","€ 28,978.84",,,"€ 28,978.84",Ledi ing,1.00,43.00,8,1,1,1
1,010,5,2,1,45,"Ndërtimi i rrethojave në shkollat Baicë, Kraishtë, Bujari, dhe përfundimi i rrethojës në shf. ""Ismail Luma"" në Lipjan",14.02.2017,15.02.2017,23.03.2017,03.04.2017 Aneksi 08.08.2017,06.04.2017 04.07.2017,20.09.2017,"€ 45,000.00","€ 38,891.60",3765.5,€ 863.40,"€ 41,793.70",Bereqeti ing & Brezi kufitar,1.00,48.00,7,0,1,1
1,011,5,2,1,45,Asfaltimi i rrugicave në fshatin Baincë,16.02.2017,17.03.2017,14.04.2017,27.04.2017,02.05.2017 30.06.2017,29.07.2017,"€ 26,000.00","€ 25,238.50",,,"€ 25,237.37",Bageri,1.00,12.00,2,0,1,1
1,012,5,2,1,45,Ndërtimi i trotuareve me ndriqim publik në fshatin Llugaxhi- faza e dytë,20.02.2017,22.02.2017,24.03.2017,03.04.2017 Aneksi 23.06.2017,05.04.2017 03.06.2017,31.07.2017,"€ 35,000.00","€ 27,906.50","€ 1,850.31",,"€ 29,008.81",Ntp Rexha com,1.00,35.00,5,0,1,1
2,013,5,2,1,45,Asfaltimi i rrugëve në fshatin Banullë- ritenderim,06.02.2017,03.04.2017,21.04.2017,04.05.2017,07.05.2017 05.07.2017,20.09.2017,"€ 48,527.00","€ 45,614.92",,"€ 2,982.92","€ 42,632.00",Kosova asfalt& Bageri,1.00,9.00,1,0,1,1
2,014,5,2,1,45,Asfaltimi i rrugëve në fshatin Hallaq i Madh,21.02.2017,31.03.2017,05.05.2017,17.05.2017 Aneksi 08.08.2017,,11.08.2017,"€ 45,000.00","€ 42,403.00",793,,"€ 43,196.00",Gashi ing,1.00,8.00,3,0,1,1
2,015,5,2,1,45,Ndërtimi i trotuareve me ndriçim publik në Konjuh,06.02.2017,24.02.2017,29.03.2017,07.04.2017,10.04.2017 08.06.2017,06.07.2017,"€ 42,000.00","€ 36,434.60",,,"€ 36,434.60",Nshp Dimi-Bau,1.00,32.00,5,0,1,1
2,016,5,2,1,45,Ndërtimi i kanalizimit në fshatin Gllanicë dhe ndërtimi i kolektorit të rrjeteve të kanalizimit Dobrajë- Lluga,02.03.2017,03.03.2017,11.04.2017,25.04.2017 Aneksi 07.06.2017,24.04.2017 16.06.2017,04.07.2017,"€ 50,000.00","€ 41,736.05","€ 3,588.00",,"€ 45,351.00",Ferizi,1.00,38.00,9,1,1,1
2,017,5,2,1,45,Asfaltimi i rrugicave në lagjet e fshatit Ribar i Vogël-Ritenderim,02.03.2017,03.04.2017,08.05.2017,17.05.2017,20.05.2017 18.07.2017,31.07.2017,"€ 29,000.00","€ 28,294.50",,,"€ 28,294.50",Lindalb& trasing group,1.00,6.00,1,0,1,1
1,018,5,2,1,45,Asfaltimi i rrugës Grackë - Topliqan,02.03.2017,03.03.2017,04.04.2017,20.04.2017,22.04.2017 20.06.2017,05.06.2017,"€ 35,000.00","€ 32,999.25",,,"€ 32,998.64",Bageri,1.00,11.00,2,0,1,1
2,019,1,3,6,25,Furnizimi me ngjitës (silikon) për vendosjen e numrave nëpër shtëpija në Komunën e Lipjanit,01.03.2017,03.03.2017,20.03.2017,03.04.2017,03.04.2017 08.04.2017,,"€ 5,000.00","€ 3,333.00",,,"€ 3,333.00",Bereqeti ing ,1.00,9.00,10,1,1,1
3,020,5,1,1,45,Rikonstruimi i rrugës Magurë - Blinaj,10.03.2017,15.05.2017,12.07.2017,24.07.2017,27.07.2017 30.10.2019,,"€ 500,000.00","€ 497,971.41",,,"€ 100,000.00",Dino,1.00,33.00,5,0,1,1
3,021,5,2,1,45,Ndërtimi i rrugës Vojnovc (Shtime) - Topliqan (Lipjan)-Kontratë tri vjeqare,10.03.2017,10.05.2017,08.06.2017,22.06.2017,28.06.2017 30.07.2019,,"€ 250,000.00","€ 139,465.25",,,"€ 20,414.25",Eskavatori,1.00,20.00,10,0,1,1
2&3,022,5,2,1,45,Riasfaltimi i rrugës Llugaxhi - Gadime - Kontratë dy vjeçare,02.05.2017,19.05.2017,16.06.2017,03.07.2017,05.07.2017 09.07.2018,,"€ 150,000.00","€ 104,519.75",,,"€ 55,555.55",Eskavatori,1.00,13.00,4,0,1,1
3,023,5,2,1,45,Ndërtimi i trotuarve me ndriqim publik në fshatin Smallushë,29.03.2017,29.03.2017,27.04.2017,11.05.2017,14.05.2017 12.07.2017,05.10.2017,"€ 82,500.00","€ 71,507.80",,€ 915.17,"€ 70,592.63",Rexha com,1.00,24.00,6,1,1,1
1,024,5,2,1,45,"Ndertimi i shkolles fillore SHFMU ""Neze Bujani"" Bujan paralele e ndare Bregu i Zi",09.03.2017,17.03.2017,25.04.2017,10.05.2017,13.05.2017 120ditë ,,"€ 160,000.00","€ 148,392.23",,,"€ 84,997.38",Ferizi,1.00,44.00,9,0,1,1
1,025,5,2,1,45,"Ndertimi i shkolles fillore SHFMU ""Haradin Bajrami"" Magure paralele e ndarë në Mirenë",09.03.2017,20.03.2017,20.04.2017,04.05.2017 Aneksi 21.06.2017,120 ditë pune,,"€ 160,000.00","€ 139,241.70","€ 2,926.87",,"€ 84,922.80",Detari & euroconstruction,1.00,47.00,4,0,1,1
2,026,5,2,1,45,Asfaltimi i rrugicave në lagjet e fshatit Krojmir,20.04.2017,21.04.2017,17.05.2017,30.05.2017,01.06.2017 30.07.2017,16.11.2017,"€ 55,000.00","€ 55,000.00",,"€ 2,249.95","€ 52,750.05",Kosova asfalt&bageri,1.00,9.00,1,0,1,1
2,027,1,2,1,33,Furnizimi me paisje speciale mjeksore,22.03.2017,23.03.2017,27.04.2017,11.05.2017,15.05.2017 26.05.2017,,"€ 19,000.00","€ 17,995.00",,,"€ 17,995.00",Atom - Med,1.00,18.00,2,0,1,1
1,029,5,2,1,45,Asfaltimi i rrugëve në fshatin Shalë-projekt dy vjeçar,23.03.2017,23.03.2017,24.04.2017,08.05.2017 Aneksi 07.07.2017,11.05.2017 18.12.2018,,"€ 105,000.00","€ 96,841.88","€ 8,123.00",,"€ 64,652.74",Dino,1.00,19.00,4,0,1,1
2,031,5,2,1,45,Asfaltimi i rrugëve në Fshatin Zllakuqan,29.03.2017,29.03.2017,03.05.2017,17.05.2017,20.05.2017 19.06.2017,23.06.2017,"€ 35,000.00","€ 30,722.50",,,"€ 30,722.50",Gashi ing,1.00,10.00,2,0,1,1
2,032,5,2,1,45,Ndërtimi i rrjetit të kanalizimit fekal në fshatin Rubofc i Vogël,06.02.2017,26.04.2017,29.05.2017,09.06.2017,12.06.2017 03.07.2017,17.10.2017,"€ 35,000.00","€ 30,165.95",,"€ 1,417.40","€ 28,708.55",Ferizi,1.00,18.00,6,1,1,1
1&2,033,5,2,1,45,Asfaltimi i rrugëve në fshatin Jeta e Re-Projekt dy vjeqar,30.03.2017,31.03.2017,15.05.2017,29.05.2017,01.06.2017 01.09.2018,,"€ 80,000.00","€ 58,443.12",,,"€ 30,000.00",Kosova asfalt&bageri,1.00,10.00,4,0,1,1
1 .,034,5,2,1,45,Asfaltimi i rrugës në fshatin Vrellë e Gadimes,30.03.2017,17.05.2017,13.06.2017,28.06.2017,60ditë,17.11.2017,"€ 22,000.00","€ 21,899.25",,,"€ 21,899.20",Dino,1.00,17.00,1,0,1,1
1 .,035,5,2,1,45,Asfaltimi i rrugës Blinaj -Leletiq,29.03.2017,02.06.2017,29.06.2017,13.07.2017,15.07.2017 12.09.2017,,"€ 51,000.00","€ 50,530.00",,,"€ 24,427.85",Bageri,1.00,18.00,1,0,1,1
2,036,5,2,1,45,Asfaltimi i rrugëve në fshatin Resinovc,05.04.2017,11.04.2017,05.05.2017,18.05.2017,20.05.2017 18.07.2017,06.12.2017,"€ 55,000.00","€ 51,331.55",,,"€ 51,331.55",Kosova asfalt&bageri,1.00,12.00,3,0,1,1
2,037,5,2,1,45,Ndërtimi i trotuarve me ndriqim publik në fshatin Sllovi-Projekt dy vjeqar,05.04.2017,05.04.2017,15.05.2017,31.05.2017,03.06.2017 30.07.2018,,"€ 110,000.00","€ 84,998.04",,,"€ 47,511.80",Linda shpk,1.00,39.00,9,0,1,1
2,038,5,2,1,45,Asfaltimi i rrugëve brenda fshatit Smallushë,25.04.2017,25.04.2017,23.05.2017,07.06.2017 Aneksi 16.08.2017,10.06.2017 07.08.2017,04.09.2017,"€ 44,000.00","€ 41,325.50","€ 2,578.40",,"€ 43,903.90",Papenburg& Adriani,1.00,21.00,2,0,1,1
1,039,5,2,1,45,"Ndërtimi i shkollës fillore SHFMU ""Drita"" ne fshatin Rubovc - Kontratë dy vjeqare",31.03.2017,04.05.2017,01.08.2017,23.08.2017,24.08.2017 31.10.2018,,"€ 160,000.00","€ 138,895.76",,,"€ 85,000.00",Delta ing,1.00,36.00,7,1,1,1
2,040,5,2,1,45,Asfaltimi i rrugës Poturovc-Torinë,04.04.2017,06.04.2017,05.05.2017,17.05.2017,20.05.2017 18.07.2017,13.09.2017,"€ 38,000.00","€ 37,350.70",,,"€ 37,350.70",Trasing group,1.00,10.00,1,0,1,1
2,041,5,2,1,45,Ndërtimi i fushave të vogla sportive-Kontrate dy vjeqare,07.02.2017,19.04.2017,19.05.2017,01.06.2017,295ditë,,"€ 292,000.00","€ 279,952.10",,,"€ 149,950.13",Atc com,1.00,40.00,6,1,1,1
2,042,5,2,1,45,Hapja dhe zhavorimi i rrugës lidhëse mes dy rrugëve regjionale në zonën e biznesit,07.02.2017,14.04.2017,23.05.2017,07.06.2017,10.06.2017 30.06.2017,26.07.2017,"€ 10,000.00","€ 9,805.00",,,"€ 9,805.00",El- bau,1.00,7.00,1,0,1,1
2,043,5,2,1,45,Asfaltimi i rruges se varrezave të fshatit Llugaxhi,26.04.2017,13.09.2017,26.09.2017,12.10.2017,12.10.2017 21.11.2017 ,04.12.2017,"€ 26,000.00","€ 25,933.25",,€ 150.00,"€ 25,783.25",El- bau,1.00,11.00,4,0,1,1
2,044,5,2,1,45,"Rregullimi i oborrit në SHFMU ""Hasan Prishtina"" në Llugaxhi dhe SHFMU ""Migjeni"" në Rufc i Ri",14.04.2017,19.04.2017,12.05.2017,24.05.2017 Aneksi 21.06.2017,25.05.2017 14.06.2017 ,23.07.2017,"€ 9,000.00","€ 7,456.00",€ 540.00,,"€ 7,990.00",Kryeziu & Global ing,1.00,26.00,7,1,1,1
1,045,5,2,1,45,Zgjerimi i rrjetit të ndriqimit publik në rrugicat e qytetit të Lipjanit,14.04.2017,14.04.2017,17.05.2017,01.06.2017,04.06.2017 02.08.2017,26.10.2017,"€ 30,000.00","€ 28,984.64",,,"€ 28,978.38",INLINE ENGINEERING,1.00,28.00,4,0,1,1
1&2,046,5,2,1,45,Asfaltimi i rrugëve lokale në fshatin Rubovc-projekt dy vjeqar,19.04.2017,20.04.2017,22.05.2017,02.06.2017,05.06.2017 10.09.2018,,"€ 100,000.00","€ 80,493.15",,,"€ 50,000.00",Eskavatori&Fertest,1.00,16.00,6,0,1,1
2,047,5,2,1,45,Rregullimi i fushës së futbollit në Dobrajë të Madhe - dy vite fiskale - Ritenderim,20.04.2017,02.06.2017,13.07.2017,24.07.2017,27.07.2017 30.10.2018,,"€ 95,000.00","€ 90,175.97",,,"€ 62,866.09",Edona& Leonardi trans,1.00,21.00,1,0,1,1
1&2,048,5,2,1,45,Përfundimi i punimeve në sallën e sportit në Dobrajë të Madhe,08.08.2017,08.08.2017,13.09.2017,26.09.2017,28.09.2017 20.10.2017,,"€ 63,421.65","€ 58,715.00",,,"€ 19,515.40",Toni construction,1.00,19.00,5,2,1,1
1,049,5,2,1,45,Asfaltimi i rrugëve në fshatin Rubovc i Vogël,02.05.2017,04.05.2017,01.06.2017,16.06.2017,18.06.2017 16.08.2017,,"€ 29,000.00","€ 21,702.50",,,,Gashi ing,1.00,9.00,2,0,1,1
2,050,5,2,1,45,Rregullimi i shtratit të Lumit në Dobrajë të Madhe - faza II,17.05.2017,17.05.2017,19.06.2017,03.07.2017,06.07.2017 21.08.2017,21.11.2017,"€ 60,000.00","€ 56,916.24",,"€ 21,568.39","€ 35,347.85",Ledi ing,1.00,18.00,4,2,1,1
1&2,051,5,2,1,45,"Ndërtimi i urave në Gadime, Rubofc-Gllogoc dhe Konjuh",04.05.2017,26.05.2017,27.06.2017,10.07.2017 Aneksi 29.09.2017,13.07.2017 30.08.2017,08.12.2017,"€ 60,000.00","€ 46,458.00","€ 3,505.15",,"€ 49,963.15",Ferizi,1.00,25.00,5,0,1,1
1,052,5,2,1,45,"Renovimi i Shkollave në Rufc të Ri, Dobrajë, Babush dhe rregullimi i oborrit në SHF Blinajë",28.04.2017,05.05.2017,08.06.2017,20.06.2017,23.06.2017 31.08.2017,15.11.2017,"€ 60,000.00","€ 58,677.40",,€ 70.00,"€ 58,607.40",Global ing,1.00,37.00,5,1,1,1
1&2,053,5,2,1,45,Asfaltimi i rrugëve në fshatin Gllogovc- projekt dy vjeçar,05.05.2017,20.06.2017,14.07.2017,03.08.2017,04.08.2017 04.11.2018,,"€ 63,000.00","€ 55,985.49",,,"€ 18,487.00",Bageri,1.00,10.00,2,0,1,1
1,054,5,2,1,45,Asfaltimi i rrugëve në fshatin Bregu i Zi-Kontratë dy Vjeqare,08.05.2017,08.05.2017,06.07.2017,18.07.2017,21.07.2017 30.07.2018,,"€ 80,000.00","€ 77,076.42",,,"€ 20,000.00",Gashi ing,1.00,11.00,3,0,1,1
2,055,5,2,1,45,Asfaltimi i rrugicave në lagjet e fshatit Kraishtë,17.05.2017,22.05.2017,22.06.2017,06.07.2017,160ditë,,"€ 70,000.00","€ 63,363.12",,,"€ 45,000.00",Kosova asfalt & bageri,1.00,15.00,5,0,1,1
1&2,056,4,1,3,74,Realizimi në Skulpturë të shtatores kushtuar Heroit Kombëtar Adem Jashari,11.07.2017,12.05.2017,11.07.2017,21.07.2017,24.07.2017  (77 ditë),05.12.2017,"€ 90,000.00","€ 89,995.00",,,"€ 20,400.00",PMN,1.00,10.00,3,2,1,2
2,060,1,2,1,18,Furnizimi me veshëmbathje per Shtëpin e Komuniteteve - kontratë dy vjeqare,06.06.2017,15.06.2017,04.08.2017,15.08.2017,15.08.2017 14.08.2019,,"€ 20,000.00","€ 13,050.54",,,"€ 11,875.70",Seykos shpk,1.00,14.00,2,0,1,1
,061,1,2,1,15,Furnizime pastrimi per shtëpinë e komuniteteve -llot2,09.06.2017,14.06.2017,01.08.2017,17.08.2017,10.08.2017 09.08.2019,,"€ 7,000.00","€ 3,919.30",,,"€ 3,761.90",Beni Dona plast,1.00,18.00,3,0,1,1
2,061,1,2,1,15,Furnizimi me artikuj ushqimor per shtepine e komuniteteve,09.06.2017,14.06.2017,01.08.2017,11.08.2017,10.08.2017 09.08.2019,,"€ 23,000.00","€ 12,593.06",,,"€ 7,806.13",Gryka,1.00,18.00,2,0,1,1
1,062,2,2,1,93,Mirembajtja e rrugeve dhe trotuareve gjatë sezonit dimror dhe veror ne zonen urbane te Lipjanit,25.07.2017,28.07.2017,25.09.2017,06.10.2017,06.10.2017 06.10.2019,,"€ 80,000.00","€ 76,233.76",,,,Pastrimi,1.00,21.00,2,0,1,1
1,062,2,2,1,93,Mirmbajtja e rrugeve dhe trotuareve gjat sezonit dimror-pjesa lindore,25.07.2017,28.07.2017,25.09.2017,12.10.2017,15.11.2017 31.03.2019,,"€ 40,000.00","€ 36,000.00",,,,Durimi& Dardania,1.00,21.00,2,0,1,1
1,062,2,2,1,93,Mirmbajtja e rrugeve dhe trotuareve gjat sezonit dimror-pjesa perindimore,25.07.2017,28.07.2017,25.09.2017,12.10.2017,15.11.2017 31.03.2019,,"€ 40,000.00",39550.48,,,,El- bau,1.00,21.00,2,1,1,1
2,063,5,2,1,45,Ndërtimi i trotuarve me ndriqim publik ne Babush,30.05.2017,30.05.2017,30.06.2017,12.07.2017,15.07.2017 13.09.2017,04.10.2017,"€ 38,000.00","€ 27,331.22",,,"€ 27,331.22",Kryeziu 2& Global ing,1.00,29.00,6,0,1,1
2,065,5,2,1,45,Ndërtimi i trotuarve me ndriçim publik nga Hekurudha -Gllogovc,30.05.2017,30.05.2017,27.06.2017,10.07.2017,13.07.2017 05.09.2017,,"€ 41,000.00","€ 39,486.10",,"€ 18,728.40","€ 20,757.70",Gjashte vellezrit Batatina,1.00,23.00,4,0,1,1
1,066,5,2,1,45,Asfaltimi i rrugëve në fshatrat Vrellë e Goleshit dhe Harilaq i Vogël,30.05.2017,30.05.2017,30.06.2017,13.07.2017,16.07.2017 14.09.2017,02.10.2017,"€ 70,000.00","€ 67,438.04",,,"€ 57,438.04",Gashi ing,1.00,12.00,3,0,1,1
2,066,2,3,6,55,Akomodim dhe fjetja e rezidentëve të Shtëpisë së Komunitetit,22.06.2017,26.05.2017,21.06.2017,27.06.2017,27.06.2017 04.07.2017,06.07.2017,"€ 2,500.00","€ 2,434.00",,,"€ 2,434.00",Shtëpia malore Koha,1.00,1.00,1,0,1,1
3&1,067,5,2,1,45,Ndërtimi i trotuarit me ndriçim publik në fshatin Bujari,31.05.2017,31.05.2017,23.06.2017,03.07.2017 Aneksi 18.09.2017,06.07.2017 04.09.2017,01.11.2017,"€ 55,494.00","€ 42,153.30","€ 2,807.50",,"€ 44,960.79",Kryeziu 2& Global ing,1.00,23.00,5,0,1,1
1&3,068,5,2,1,45,"Ndërtimi i Zonës Ekonomike ""Parku Industrial"" në Qylagë faza II",09.06.2017,09.06.2017,17.07.2017,10.08.2017,13.08.2017 14.02.2018,,"€ 385,000.00","€ 199,076.00",,,"€ 178,395.47",Damastion project shpk,1.00,42.00,7,0,1,1
1,069,5,2,1,45,"Asfaltimi i rrugëve në fshatin Akllap L=935,B=3m Ritenderim",02.06.2017,15.08.2017,07.09.2017,22.09.2017,18.09.2017 16.11.2017,,"€ 35,000.00","€ 34,267.48",,,,Bageri,1.00,8.00,1,0,1,1
1,070,5,2,1,45,Ndërtimi i rrjetit të kaanalizimit fekale në fshatin Akllap,06.02.2017,09.06.2017,24.07.2017,07.08.2017,10.08.2017 08.10.2017,22.11.2017,"€ 50,000.00","€ 43,807.95",,€ 965.41,"€ 42,842.54",Dimi bau,1.00,27.00,8,2,1,1
1,071,5,2,1,45,Ndërtimi i rrjetit të kanalizimit në Varigovc,09.06.2017,09.06.2017,14.07.2017,27.07.2017,30.07.2017 07.10.2017,08.11.2017,"€ 35,000.00","€ 28,369.13",,"€ 1,337.91","€ 27,031.22",Xhema com,1.00,18.00,3,0,1,1
2,072,5,3,6,45,"Ndërtimi i urës dhe hapja e zhavorimi i rrugës ""Mehmet Ivanja"" në fshatin Rufc i Vjeter",14.06.2017,14.06.2017,29.06.2017,10.07.2017,12.07.2017 10.08.2017,20.09.2017,"€ 9,000.00","€ 7,577.30",,,"€ 7,577.30",Nnsh A&B construction & A&B construction shpk,1.00,17.00,2,2,1,1
1&2,073,5,2,1,45,Asfaltimi i rrugicave ne lagjet e fshatit Gadime e Epërme -projekt dy vjeqar,14.06.2017,15.06.2017,12.07.2017,28.07.2017,29.07.2017 31.07.2018,,"€ 76,000.00","€ 75,205.05",,,"€ 46,000.00",Papenburg& Adriani,1.00,15.00,2,1,1,1
1,075,2,2,1,32,Sherbime interneti neper shkolla,22.06.2017,22.06.2017,27.07.2017,10.08.2017,15.08.2017 14.08.2020,,"€ 14,000.00","€ 8,611.20",,,"€ 1,164.22",Labitechnetworks,1.00,3.00,0,1,1,1
3,076,5,2,1,45,Hapja dhe pastrimi i shtratit të lumit Sitnica,27.06.2017,28.06.2017,02.08.2017,14.08.2017,17.08.2017 14.11.2017,,"€ 170,000.00","€ 145,420.20",,"€ 96,391.80","€ 49,028.40",Ledi ing,1.00,40.00,8,0,1,1
2,077,5,2,1,45,Ndërtimi i rrjetit të kanalizimit fekal në fshatin Jeta e Re,05.07.2017,05.07.2017,02.08.2017,15.08.2017,18.08.2017 16.09.2017,22.11.2017,"€ 25,000.00","€ 20,727.23",,"€ 1,603.00","€ 19,124.23",Xhema com,1.00,15.00,14,0,1,1
1&2,078,5,2,1,45,Asfaltimi i rrugëve brenda qytetit të Lipjanit -Kontratë dy vjeqare,06.07.2017,08.08.2017,12.09.2017,25.09.2017,28.09.2017 28.11.2018,,"€ 133,000.00","€ 126,245.80",,,"€ 31,473.00",Bageri,1.00,17.00,4,2,1,1
2,079,5,2,1,45,Ndriqimi publik në rrugën Babush -Gadime e Epërme,30.06.2017,03.07.2017,02.08.2017,12.09.2017,14.09.2017 22.11.2017,12.12.2017,"€ 45,000.00","€ 39,408.30",,€ 907.26,"€ 38,501.04",MVR ElektroMontues,1.00,17.00,3,1,1,1
1&2,080,5,2,1,45,Asfaltimi i rrugicave të lagjeve në fshatin Ribar i Madh dhe rrugët e varrezave -Projekt dy vjeqar,13.07.2017,14.07.2017,22.08.2017,11.09.2017,14.09.2017 14.12.2018,,"€ 138,967.00","€ 135,432.55",,,"€ 13,880.00",Bageri,1.00,22.00,6,2,1,1
2,081,5,2,1,45,Asfaltimi i rrugëve në lagjet në Fshatin Dobrajë te Madhe-Kontratë dy Vjeqare,12.07.2017,14.07.2017,18.08.2017,08.09.2017,11.09.2017 30.10.2018,,"€ 200,000.00","€ 186,235.71",,,"€ 60,405.00",Eskavatori,1.00,22.00,8,0,1,1
1,082,5,3,6,45,Ndërtimi i murit mbrojtës në Janjevë,24.07.2017,24.07.2017,04.08.2017,15.08.2017,15.08.2017 04.09.2017,03.10.2017,"€ 1,100.00","€ 1,028.96",,,"€ 1,028.96",Megrant ing,1.00,20.00,2,0,1,1
2,083,1,2,1,2,"Furnizimi me dru për ngrohje për shkollat, QKMF-në dhe shtëpinë e kulturës me pelet në Komunën e Lipjanit",17.05.2017,27.07.2017,18.08.2017,04.09.2017,11.09.2017 09.11.2017,13.12.2017,"€ 124,000.00","€ 123,821.20",,"€ 1,983.84","€ 121,837.36",Agoniti,1.00,9.00,3,1,1,1
1&2,084,1,2,1,24,Furnizimi me thengjill per shkollat dhe QKMF-në e komunës së Lipjanit,25.07.2017,25.07.2017,05.10.2017,07.11.2017,10.11.2017 24.12.2017,21.12.2017,"€ 55,974.00","€ 44,260.00",,"€ 2,173.58","€ 42,086.42",Gresa commerc,1.00,13.00,4,0,1,1
1,085,2,2,1,60,"Transporti i nxansave ne relacionin Breg i Zi - SHFMU'Nezë Bujani""Bujan-llot1",28.07.2017,28.07.2017,24.08.2017,04.09.2017,04.09.2017 30.06.2020,,"€ 15,097.50","€ 13,274.32",,,"€ 1,015.56",Lipjani shpk,1.00,4.00,2,1,1,1
1,085,2,2,1,60,Transporti i nxensave ne relacionin Zllakuqan deri te SHFMU'Kadri Beba Ribar i Madh dhe anasjelltas,28.07.2017,28.07.2017,24.08.2017,05.09.2017,04.09.2017 30.06.2020,,"€ 15,097.50","€ 14,010.48",,,"€ 1,046.32",Titi turs,1.00,4.00,1,0,1,1
1&2,086,1,2,1,10,Furnizimi dhe montimi i serrave,10.08.2017,11.08.2017,03.11.2017,16.11.2017,19.11.2017 19.03.2018,,"€ 75,000.00","€ 67,968.00",,,"€ 9,968.64",Adri zaun rrethoja,1.00,17.00,5,0,1,1
1,088,5,2,1,45,Sinjalizimi horizontal dhe vertikal ne Komunen e Lipjanit,14.08.2017,14.08.2017,12.09.2017,25.09.2017,28.09.2017 28.09.2019,,"€ 22,000.00","€ 11,969.00",,,"€ 11,626.50",Sinjal shpk,1.00,15.00,2,1,1,1
1&2,090,5,2,1,45,Ndërtimi i fushave të vogla sportive në Gadime të Epërme dhe Gadime të Ultë,17.08.2017,17.08.2017,13.09.2017,22.09.2017,25.09.2017 11.11.2017,14.12.2017,"€ 43,000.00","€ 38,878.78",,,"€ 38,878.78",Edona shpk,1.00,33.00,3,0,1,1
2,092,5,2,1,45,Asfaltimi i rrugës Dobratin- Sllovi dhe rrugës së “Kuqe”në fshatin Sllovi,16.08.2017,06.10.2017,03.11.2017,15.11.2017,17.11.2017 20.12.2017,,"€ 15,200.00","€ 14,755.00",,,"€ 3,861.00",Bageri,1.00,5.00,1,0,1,1
1,094,4,1,3,74,Realizimi në skulptur kushtuar Dëshmorit Ismet Asllani - Projekt dy Vjeqar,21.08.2017,21.08.2017,06.11.2017,22.11.2017,02.12.2017 17.02.2018,,"€ 80,000.00","€ 69,995.00",,,"€ 10,000.00",PMN shpk,1.00,13.00,6,0,1,2
1,095,1,3,6,36,Furnizimi me  mallë të ndryshëm për nevojat e Qerdhes-Lipjan  Ritenderim,14.08.2017,22.11.2017,11.12.2017,19.12.2017,19.12.2017 26.12.2017,20.12.2017,"€ 3,000.00","€ 2,560.00",,,"€ 2,560.00",Grafo-Loni,1.00,14.00,7,0,1,1
1,096,1,3,6,20,Furnizimi me inventar për nevoja të çerdhes në Lipjan-Ritenderim,18.08.2017,05.10.2017,27.10.2017,10.11.2017,10.11.2017 30.11.2017,15.12.2017,"€ 1,810.93","€ 1,695.00",,,"€ 1,695.00",Ademaj arch-ing,1.00,17.00,3,0,1,1
1,097,1,2,1,29,Furnizimi me makinë për mjeljen e lopëve,23.08.2017,25.08.2017,01.11.2017,16.11.2017,18.11.2017 17.12.2017,11.12.2017,"€ 16,000.00","€ 12,632.00",,,"€ 12,632.00",Rimida,1.00,8.00,2,0,1,1
1,100,5,2,1,45,Ndërtimi i trotuarve me ndriqim publik në Janjevë,26.09.2017,28.09.2017,24.10.2017,06.11.2017,09.11.2017 20.12.2017,,"€ 35,000.00","€ 29,803.00",,,"€ 5,000.00",Rexha com,1.00,36.00,3,0,1,1
1&2,102,1,2,1,2,Furnizimi me dru për ngrohje për shkollat e Komunës së Lipjanit,27.10.2017,27.10.2017,29.11.2017,13.12.2017,13.12.2017 23.12.2017,19.12.2017,"€ 11,869.50","€ 11,800.00",,€ 991.20,"€ 10,808.80",Agoniti,1.00,4.00,2,1,1,1
1,103,1,3,6,,Furnizimi me naftë dhe benzin,30.10.2017,27.10.2017,06.11.2017,16.11.2017,16.11.2017 31.12.2017,,"€ 9,918.00","€ 8,046.00",,,"€ 8,046.00",Standard benz,1.00,2.00,2,0,1,1
1,104,2,3,6,93,Përgaditja dhe organizimi i festes se 28 nëntorit me rastin e zbulimit të shtatores së Komandantit Legjendar Adem Jashari,06.11.2017,06.11.2017,14.11.2016,24.11.2017,24.11.2017 30.11.2017,08.12.2017,"€ 9,000.00","€ 6,400.00",,,"€ 6,000.00",AMC,1.00,8.00,2,0,1,1
2,106,2,3,6,55,Akomodim dhe fjetja e rezidentëve të Shtëpisë së Komunitetit,15.10.2017,10.10.2017,16.10.2017,23.10.2017,23.10.2017 30.10.2017,14.11.2017,"€ 3,000.00","€ 2,982.00",,,"€ 2,982.80",Yjet e Sharrit,1.00,1.00,1,0,1,1
2,108,1,3,6,11,"Furnizimi me antifriz për nevoja te I.E.A, QKMF dhe QMF",04.12.2017,04.12.2017,11.12.2017,21.12.2017,21.12.2017 26.12.2017,21.12.2017,"€ 1,153.70",€ 797.68,,,€ 797.68,Etiani shpk,1.00,4.00,3,0,1,1
2,001,2,4,7,93,Koktej me rastin e 17 shkurtit Ditës së Pavarësisë,06.02.2017,,,16.02.2017,,,€ 400.00,€ 395.00,,,€ 395.00,Rozafa-1,1,3,3,0,1,1
2,002,1,4,7,,Furnizimi me parfuma per meshkuj,27.01.2017,,,01.03.2017,,,€ 121.60,€ 121.41,,,€ 121.41,Elkos shpk,1,3,3,0,1,1
2,003,2,4,7,20,Dreke per familjaret e deshmoreve,18.05.2017,,,09.06.2017,,,€ 380.00,€ 375.00,,,€ 375.00,Rozafa-1,1,3,3,0,1,1
2,004,1,4,7,93,"Furnizimi dhe montimi I dyerve ne SHFMU ""7 marsi"" ne Poturoc",31.05.2017,,,22.08.2017,,,€ 990.00,€ 960.00,,,€ 960.00,Dardania model,1,3,3,0,1,1
2,005,2,4,7,93,"Servisimi i kamerave dhe DVR-se ne SHFMU ""Ismail Luma""",24.07.2017,,,08.09.2017,,,€ 195.00,€ 189.00,,,€ 189.00,Flamur Sopa BI,1,3,3,0,1,1
2,005A,2,4,7,,Rregullimi i kulmit në QKMF-Lipjan,31.10.2017,,,17.11.2017,,,€ 192.42,€ 180.00,,,€ 180.00,Te Bahria,1,3,3,0,1,1
2,006,1,4,7,20,Furnizimi me mobile për zyren e shtëpinë e komuniteteve,20.11.2017,,,28.11.2017,,,€ 900.00,€ 877.00,,,€ 877.00,Gold Invest Shpk,1,3,3,0,1,1
2,007,1,4,7,,Makinë për pastrimin e enëve për 12 persona për shtëpinë e komuniteteve,04.12.2017,,,11.12.2017,,,€ 356.06,€ 340.00,,,€ 340.00,Emona-B,1,3,3,0,1,1
2,008,2,4,7,72,Servisimi i elektrikës dhe funksionalizimi i banjove në shtëpinë e komuniteteve,01.12.2017,,,13.12.2017,,,€ 800.00,€ 792.00,,,€ 792.00,Elektro Sistem,1,3,3,0,1,1
2,001,1,4,7,33,Leximi i dozimetrave të rentgenit,24.02.2017,,,14.02.2017,,,€ 72.00,€ 72.00,,,€ 72.00,Instituti I Mjeksis[ s[ Pun[s,1.00,1.00,1,0,1,1
2,002,2,4,7,93,Transporti i punetorve te admnistrateskomunale për eskursion ne Republiken e Shqiperisë,24/04/2017,,,28/04/2017,,,€ 990.00,€ 540.00,,,€ 540.00,Arbeni Tours,1.00,3,3,0,1,1
2,003,1,4,7,31,Furnizimi me printer dhe kompjuter ,9/3/2017,,,11/5/2017,,,€ 650.00,€ 615.00,,,€ 615.00,NSH PCS,1.00,3,3,0,1,1
2,004,1,4,7,33,Furnizimi me material stomatologjik,3/5/2017,,,15/05/2017,,,€ 947.00,€ 942.50,,,€ 942.50,kaslabor NTSH,1.00,3,3,0,1,1
1,005,2,4,7,93,Shërbimet e derratizimit dezinfektimit dhe dezinsektimit,12/5/2017,,,12/6/2017,,,€ 790.00,€ 710.00,,,€ 710.00,ekologjia,1.00,3,3,0,1,1
2,006,1,4,7,33,Furnizimi me material stomatologjik,2/10/2017,,,24/10/2017,,,€ 998.00,€ 988.00,,,€ 988.00,Kasllabor NTSH,1.00,3,3,0,1,1
2,007,2,4,7,93,"Dezinfektim, derratizim dhe dezinsektim nestrehimoren e re ne Magure",8/11/2017,,,11/11/2017,,,€ 950.00,€ 945.00,,,€ 945.00,Ekologjia,1.00,3,3,0,1,1
2,009,2,4,7,93,Rregullimi I kapermanitte ores se rrymes ne strehimoren e re ne Magure,13/11/2017,,,17/11/2017,,,€ 150.00,€ 143.00,,,€ 143.00,Genti-comerc,1.00,3,3,0,1,1
2,010,1,4,7,29,Furnizimi me Inventor dhe Sinusodial dhe bateri industriale,14/11/2017,,,5/12/2017,,,€ 840.00,€ 790.00,,,€ 790.00,Bau Market shpk,1.00,3,3,0,1,1
2,011,1,4,7,21,Furnizimi me llogo vetëngjitese,22/11/2017,,,8/12/2017,,,€ 500.00,€ 378.00,,,€ 378.00,Foto Toli,1.00,3,3,0,1,1
2,012,1,4,7,33,Furnizimi me paisje speciale mjeksoremjeksorere,19/10/2017,,,12/12/2017,,,€ 800.00,€ 784.00,,,€ 784.00,Kasllabor NTSH,1.00,3,3,0,1,1
2,013,1,4,7,29,Material I ndryshëm I kuzhinës pë shtepinë e komuniteteve,7/12/2017,,,11/12/2017,,,€ 200.00,€ 198.90,,,€ 198.90,Te 7Vllezrit,1.00,3,3,0,1,1
2,013A,1,4,7,33,Furnizime mjeksore per shtepine e komuniteteve,15/12/2017,,,18/12/2018,,,€ 900.00,€ 830.00,,,€ 830.00,Sinorg,1.00,3,3,0,1,1
2,001,1,4,7,33,Furnizim me material stomatologjik,28/02/2017,,,8/3/2017,,,€ 992.00,€ 983.00,,,€ 983.00,Kasllabor NTSH,1.00,3.00,3,0,1,1
2,002,1,4,7,33,Furnizim me material medicional,06.03.2017,,,15.03.2017,,,€ 985.00,€ 980.00,,,€ 980.00,Kasllabor NTSH,1.00,3,3,0,1,1
2,003,2,4,7,31,Servisimi i nxemjes qendrore në SHMU-7 Marsi Poturovc dhe Drita Rubovc p.n.f Kojsk,24.03.2017,,,30.03.2017,,,€ 500.00,€ 478.00,,,€ 478.00,Elektro instalimi,1.00,3,3,0,1,1
2,004,1,4,7,33,"Furnizimi me material per kyqjen e pusit per uje të pijes në objektin e shkolles ""Vezir kolshi""",23.02.2017,,,31.03.2017,,,€ 229.46,€ 228.70,,,€ 228.70,Euro Color,1.00,3,3,0,1,1
1,006,1,4,7,24,Furnizimi me ngjites (silikon) montage kit bison 350 gm,01.03.2017,,,29.05.2017,,,€ 990.00,€ 900.00,,,€ 900.00,Dida Comerc,1.00,3,3,0,1,1
2,008,1,4,7,30,Furnizime me kompjuter per drejtorin e urbanizmit,30.05.2017,,,07.06.2017,,,€ 800.00,€ 790.00,,,€ 790.00,Techcom SHPk,1.00,3,3,0,1,1
2,010,2,4,7,33,Furnizime mjeksore,31/08/2017,,,15/09/2017,,,€ 990.00,€ 933.00,,,€ 933.00,Atom Med,1.00,3,3,0,1,1
2,011,2,4,7,93,Renovimi I shkolles ne Rubovc,31.08.2017,,,12.09.2017,,,€ 300.00,€ 297.00,,,€ 297.00,Maler Skenda,1.00,3,3,0,1,1
2,012,2,4,7,93,"Pastrimi I terrenit nga shembja e murit ne mbrojtes rr.""Sopoti"" ne janjeve",06.09.2017,,,08.09.2017,,,€ 950.00,€ 939.60,,,€ 939.60,Megrant Ing,1.00,3,3,0,1,1
2,013,2,4,7,11,Mbushja e aparateve kunder zjarrit,03.07.2017,,,14.09.2017,,,€ 259.00,€ 257.00,,,€ 257.00,DPZ Shqiponja,1.00,3,3,0,1,1
2,014,2,4,7,93,Demolimi dhe montimi I dyshemes në shtepin e komuniteteve dhe vendosja e gypit të ujit të ngoht-sistem gjakomin,11.09.2017,,,21.09.2017,,,€ 995.00,€ 990.00,,,€ 990.00,NTP elektrosystem,1.00,3,3,0,1,1
2,015,2,4,7,93,Renovimi I mureve të mbrendshme në shtëpin e komuniteteve,11.09.2017,,,06.10.2017,,,€ 990.00,€ 988.10,,,€ 988.10,NTP elektrosystem,1.00,3,3,0,1,1
2,016,1,4,7,33,Furnizime mjeksore,26.10.2017,,,08.11.2017,,,€ 740.11,€ 739.00,,,€ 739.00,Genius Kosova shpk,1.00,3,3,0,1,1
2,001,2,4,7,78,Shtypja e boletinit vjetor te Komunes se Lipjanit,15.02.2017,,,20.02.2017,,,€ 997.00,€ 965.00,,,€ 965.00,NSH Selcet All,1,3,3,0,1,1
2,002,1,4,7,30,Furnizimi me kaseta per Barkode 24mm 0.94Laminated White,20.02.2017,,,21.02.2017,,,€ 980.00,€ 787.50,,,€ 787.50,NTP Libraria Korabi ,1,3,3,0,1,1
2,003,1,4,7,20,Furnizim me ngjites (silikon)per vendosjen e numrave ne teritorin e K Lipjan,22.02.2017,,,23.02.2017,,,€ 900.00,€ 850.00,,,€ 850.00,Dida Comerc,1,3,3,0,1,1
2,004,1,4,7,31,Furnizimi me nxemse elektrike per shtepine e komunitetit Lipjan,06.04.2017,,,07.04.2017,,,€ 288.00,€ 279.00,,,€ 279.00,Emona B NTP,1,3,3,0,1,1
2,005,1,4,7,22,Furnizimi me materjal per zyre Deftesa A/6 color dhe tonera,24.04.2017,,,25.04.2017,,,€ 996.00,€ 855.00,,,€ 855.00,NTG Blendi,1,3,3,0,1,1
2,006,1,4,7,31,Furnizimi me shporet elektrik per shtepin e komunitetit,04.05.2017,,,06.05.2017,,,€ 600.00,€ 550.00,,,€ 550.00,Emona B NTP,1,3,3,0,1,1
2,007,1,4,7,41,Furnizimi me uje te thjesht 0.5l me rastin e testit te arritshmerise dhe provimit te matures,05.05.2017,,,08.05.2017,,,€ 950.00,€ 912.00,,,€ 912.00,Visari DPH,1,3,3,0,1,1
2,008,2,4,7,60,Transporti I nxansave me rastin e testit te aritshmerise,17.05.2017,,,18.05.2017,,,€ 950.00,€ 939.00,,,€ 939.00,Lipjani SHPK,1,3,3,0,1,1
2,009,1,4,7,36,Ushqim dhe pije per administruesit me rastin e testit te arritshmerise,17.05.2017,,,22.05.2017,,,€ 684.00,€ 678.00,,,€ 678.00,Centrum SHPK,1,3,3,0,1,1
2,010,1,4,7,41,Koktel me rastin e 12 Qershorit Dites se Çlirimit te Lipjanit,06.06.2017,,,08.06.2017,,,€ 850.00,€ 831.00,,,€ 831.00,Golden Day Restaurant,1,3,3,0,1,1
2,011,2,4,7,78,Botimi I revistes shkollore te SHFMU Kadri Beba,07.06.2017,,,08.06.2017,,,€ 250.00,€ 240.00,,,€ 240.00,DPZ Foto Vjosa,1,3,3,0,1,1
2,012,2,4,7,60,Transporti I monitoruesve -administruesve nga komuna jone ederi ne Ferizaj per date 14 dhe 24 qershor,09.06.2017,,,12.06.2017,,,€ 371.25,€ 340.00,,,€ 340.00,NTSH Titi Turs,1,3,3,0,1,1
2,013,1,4,7,30,Furnizimi me kondicioner dhe servisim te disa prej tyre,19.07.2017,,,21.07.2017,,,€ 400.00,€ 385.00,,,€ 385.00,Besart Rexhepi B.I,1,3,3,0,1,1
2,014,1,4,7,,Furnizimi me karrika per zyre ,25.07.2017,,,25.07.2017,,,€ 720.00,€ 692.00,,,€ 692.00,Gold Invest SHPK,1,3,3,0,1,1
2,015,1,4,7,30,Furnizim me paisje te TI,14.08.2017,,,16.08.2017,,,€ 450.00,€ 443.00,,,€ 443.00,PCS NSH,1,3,3,0,1,1
2,016,1,4,7,22,Furnizimi me kartela per biblioteke (lexues),17.08.2017,,,21.08.2017,,,€ 750.00,€ 700.00,,,€ 700.00,NTSH Teknika,1,3,3,0,1,1
2,017,2,4,7,78,Shperndarja e librave nga qendra grumbulluese deri te shkolla kerkuese -pranuese (kl1-5),22.08.2017,,,24.08.2017,,,€ 995.00,€ 970.00,,,€ 970.00,Lipjani SHPK,1,3,3,0,1,1
2,017A,2,4,7,93,Rregullimi I pllakes automatike digjitale te gjeneratorit 150kw ne QKMF,04.09.2017,,,05.09.20017,,,€ 800.00,€ 790.00,,,€ 790.00,Servis Gjenerat.Honda,1,3,3,0,1,1
2,018,1,4,7,22,Furnizimi me ditar per SH.Profesionale A.Gllavica dhe SH.M.Shale,06.09.2017,,,08.09.2017,,,€ 740.00,€ 690.40,,,€ 690.40,Blendi NTG,1,3,3,0,1,1
2,019,1,4,7,25,Furnizimi me paisje te imta dhe rrethoja ne QPS,11.09.2017,,,13.09.2017,,,€ 610.00,€ 603.00,,,€ 603.00,NTP Elektro Instalimi,1.00,3.00,3,0,1,1
2,020,1,4,7,30,Furnizimi me laptop per Shtepine e komunitetit,18.09.2017,,,19.09.2017,,,€ 800.00,€ 795.00,,,€ 795.00,Dardi Net,1.00,3.00,3,0,1,1
2,021,1,4,7,31,Furnizimi me paisje per banjo dhe ngjyrosja e mureve ne QPS,19.09.2017,,,21.09.2017,,,€ 401.00,€ 401.00,,,€ 401.00,NNP Elektro Instalimi,1.00,3.00,3,0,1,
2,022,2,4,7,93,Rregullimi dh servisimi I gjeneratorit ne Shtepin e Komunitetit,08.10.2017,,,09.10.2017,,,€ 200.00,€ 180.00,,,€ 180.00,Statori DPZ,,3.00,3,0,1,1
2,023,1,4,7,27,Furnizimi me ormana metalik per Shtepine e Komunitetit,23.10.2017,,,24.10.2017,,,€ 950.00,€ 939.00,,,€ 939.00,Teknika NTSH,1.00,3.00,3,0,1,1
2,024,1,4,7,30,Furnizimi me tonera dhe kaseta per barkode 24mm D.Admin,09.11.2017,,,11.11.2017,,,€ 995.00,€ 947.00,,,€ 947.00,Blendi NTG,1.00,3.00,3,0,1,1
2,025,1,4,7,20,Furnizimi me mobilje per zyre per DSHMS,16.11.2017,,,20.11.2017,,,€ 910.00,€ 900.00,,,€ 900.00,Gold Invest SHPK,1.00,3.00,3,0,1,1
2,026,1,4,7,32,Furnizimi me paisje te zerimit per Gjimnazin Ulpiana,20.11.2017,,,21.11.2017,,,€ 928.50,€ 920.00,,,€ 920.00,Duka Alfo Audio,1.00,3.00,3,0,1,1
2,027,1,4,7,22,"Furnizimi me flamuj ,ftesa ,njoftime per 28 Nentor ",22.11.2017,,,24.11.2017,,,€ 904.55,€ 886.00,,,€ 886.00,Blendi NTG,1.00,3.00,3,0,1,1
2,028,1,4,7,22,"Furnizimi me tonera per Sdhtepine e Komunitetit ,printer",23.11.2017,,,24.11.2017,,,€ 950.00,€ 860.00,,,€ 860.00,Blendi NTG,1.00,3.00,3,0,1,1
2,029,1,4,7,27,Furnizimi me ormana metalik me rafta  per SH.Komunitetit,29.11.2017,,,30.11.2017,,,€ 900.00,€ 882.00,,,€ 882.00,Teknika NTSH,1.00,3.00,3,0,1,1
2,029A,1,4,7,22,"Furnizimi me mirnjohje ,ftesa -Sportisti I Vitit ",27.11.2017,,,28.11.2017,,,€ 200.00,€ 190.00,,,€ 190.00,Foto Toli,1.00,3.00,3,0,1,1
2,031,1,4,7,30,Furnizimi me paisje te TI-mirmajtja e tyre  ,04.12.2017,,,05.12.2017,,,€ 950.00,€ 937.50,,,€ 937.50,PCS NSH,1.00,3.00,3,0,1,1
2,032,2,4,7,50,Lyrja e disa shkollave me polikolor,06.12.2017,,,08.12.2017,,,€ 573.00,€ 573.00,,,€ 573.00,NTP Euro Color,1.00,3.00,3,0,1,1
2,033,1,4,7,27,Furnizimi me tabele me llogo per Shtepine e Komunitetit,08.12.2017,,,11.12.2017,,,€ 300.00,€ 298.00,,,€ 298.00,Foto Video hava,1.00,3.00,3,0,1,1
2,034,1,4,7,20,Furnizimi me Dollapa te drurit -karrika ,08.12.2017,,,12.12.2017,,,€ 755.00,€ 683.00,,,€ 683.00,Graniti SHPK,1.00,3.00,3,0,1,1
2,035,1,4,7,22,"Furnizimi me medalje,kupa per sportist te vitit ",11.12.2017,,,12.12.2017,,,€ 460.00,€ 455.70,,,€ 455.70,NTP Korabi,1.00,3.00,3,0,1,1
2,036,1,4,7,30,"Furnizimi me karrika  dhe tovolina per zyre  te Inspekcionit ,DPUM",13.12.2017,,,14.12.2017,,,€ 800.00,€ 745.00,,,€ 745.00,Besniku DPT,1.00,3.00,3,0,1,1
2,001,2,4,7,21,"Koktej me rastin e Ditës Ndërkombëtare të gruas, 8 Marsi",27.02.2017,,,07.03.2017,,,€ 400.00,€ 395.00,,,€ 395.00,Rozafa1,1,3,3,0,1,1
2,002,2,4,7,93,Drekë zyrtare me rastin e përurimit të Sheshit dhe zbulimit të shtatores së komandantit legjendar Adem Jashari,22.11.2017,,,24.11.2017,,,€ 700.00,€ 687.50,,,€ 687.50,Centrum ,1,3,3,0,1,1
2,003,2,4,7,93,Drekë zyrtare me rastin e shpalljes së sportistit të vitit,06.12.2017,,,14.12.2017,,,€ 340.00,€ 330.00,,,€ 330.00,Golden day,1,3,3,0,1,1
2,004,2,4,7,72,"Furnizimi dhe montimi i rezervuarit me kapacitet 1000L, në Shtëpinë e Komuniteteve",23.11.2017,,,14.12.2017,,,€ 900.00,€ 880.00,,,€ 880.00,Osmani,1,3,3,0,1,1
2,001,2,4,7,31,"Servisimi i nxemjeve qendrore  ne disa shkolla: SHFMU 'Vllezerit Domeneku,Skenderbeu,Kadri Beba dhe Haradin Bajrami.",24.02.2017,,,27.02.2017,,,€ 980.00,€ 953.00,,,€ 953.00,NTP Osmani,1,3,3,0,1,1
2,002,1,4,7,31,Intervenimi ne ormanin e rrymes ne objektin e Komunës ,06.03.2017,,,07.03.2017,,,€ 450.00,€ 407.00,,,€ 406.98,MVR Elektro Montues,1,3,3,0,1,1
2,003,2,4,7,20,Rregullimi i ndriqimit publik në shtëpinë e komuniteteve,18.09.2017,,,21.09.2017,,,€ 600.00,€ 568.00,,,€ 568.00,NSH Mvr elektromontues,1,3,3,0,1,1
2,004,1,4,7,32,Furnizimi me televizor per residentet ne shtepine e komuniteteve,19.09.2017,,,22.09.2017,,,€ 400.00,€ 395.00,,,€ 395.00,NTP Tina,1,3,3,0,1,1
2,005,2,4,7,31,Rregullimi i aparateve Hematorogjike,10.10.2017,,,12.10.2017,,,€ 587.00,€ 585.00,,,€ 585.00,AtomMed SHPK,1,3,3,0,1,1
2,006,2,4,7,50,"Servisimi i nxemjes qendrore ne SHFMU ""Zenel Hajdini"" Gadime",01.11.2017,,,03.11.2017,,,€ 999.00,€ 970.00,,,€ 970.00,Osmani NTP,1,3,3,0,1,1
2,007,2,4,7,50,Rregullimi i gypave rrjetit te ujit brenda objektit dhe ne oborrin e QEAP-qerdhja e femijeve,13.11.2017,,,17.11.2017,,,€ 969.00,€ 961.22,,,€ 961.22,NTP Elektro System,1,3,3,0,1,1
2,009,2,4,7,50,Servisimi i serverit Dell power Eddge dhe pastrimi I kamerave ne QKMF - Lipjan,11.12.2017,,,13.12.2017,,,€ 572.00,€ 537.00,,,€ 537.00,NTP Vlera PC shop,1,3,3,0,1,1
2,010,2,4,7,50,Servisimi  i ngrohjes qendrore ne SHFMU Ismail Luma ne Lipjan dhe SHFMU Haredin Bajrami ne Magure,12.12.2017,,,13.12.2017,,,€ 906.00,€ 878.00,,,€ 878.00,NTP Elektro System,1,3,3,0,1,1
